,PASSENGERS,Passenger Miles,CARRIER_NAME-ORIGIN_CITY_NAME-DEST_CITY_NAME
0,901242930,1.30121E+12,Grand Total Total
1,1061526,808294378,"Delta Air Lines Inc.-Atlanta, GA-New York, NY Total Total"
2,1047732,797803500,"Delta Air Lines Inc.-New York, NY-Atlanta, GA Total Total"
3,1025421,414270084,"Delta Air Lines Inc.-Orlando, FL-Atlanta, GA Total Total"
4,1022276,412999504,"Delta Air Lines Inc.-Atlanta, GA-Orlando, FL Total Total"
5,976248,1067279178,"American Airlines Inc.-Miami, FL-New York, NY Total Total"
6,966296,1193375560,"American Airlines Inc.-Dallas/Fort Worth, TX-Los Angeles, CA Total Total"
7,961273,1050907668,"American Airlines Inc.-New York, NY-Miami, FL Total Total"
8,950381,1173720535,"American Airlines Inc.-Los Angeles, CA-Dallas/Fort Worth, TX Total Total"
9,929682,505143067,"Delta Air Lines Inc.-Atlanta, GA-Washington, DC Total Total"
10,929395,504959818,"Delta Air Lines Inc.-Washington, DC-Atlanta, GA Total Total"
11,864661,86466100,"Hawaiian Airlines Inc.-Kahului, HI-Honolulu, HI Total Total"
12,857176,85717600,"Hawaiian Airlines Inc.-Honolulu, HI-Kahului, HI Total Total"
13,843113,489848653,"Delta Air Lines Inc.-Atlanta, GA-Fort Lauderdale, FL Total Total"
14,842994,489779514,"Delta Air Lines Inc.-Fort Lauderdale, FL-Atlanta, GA Total Total"
15,791897,321510182,"Delta Air Lines Inc.-Tampa, FL-Atlanta, GA Total Total"
16,785771,319023026,"Delta Air Lines Inc.-Atlanta, GA-Tampa, FL Total Total"
17,757680,556033240,"American Airlines Inc.-Chicago, IL-New York, NY Total Total"
18,746266,547630833,"American Airlines Inc.-New York, NY-Chicago, IL Total Total"
19,745966,1452395802,"Delta Air Lines Inc.-Atlanta, GA-Los Angeles, CA Total Total"
20,743659,596414518,"American Airlines Inc.-Chicago, IL-Dallas/Fort Worth, TX Total Total"
21,742706,1371035276,"United Air Lines Inc.-San Francisco, CA-Chicago, IL Total Total"
22,741302,1368443933,"United Air Lines Inc.-Chicago, IL-San Francisco, CA Total Total"
23,738529,443866404,"Delta Air Lines Inc.-Atlanta, GA-Chicago, IL Total Total"
24,737915,591807830,"American Airlines Inc.-Dallas/Fort Worth, TX-Chicago, IL Total Total"
25,735482,1431983454,"Delta Air Lines Inc.-Los Angeles, CA-Atlanta, GA Total Total"
26,727694,437303604,"Delta Air Lines Inc.-Chicago, IL-Atlanta, GA Total Total"
27,702640,2424990967,"British Airways Plc-London, United Kingdom-New York, NY Total Total"
28,695176,965773580,"American Airlines Inc.-Dallas/Fort Worth, TX-New York, NY Total Total"
29,692377,961872867,"American Airlines Inc.-New York, NY-Dallas/Fort Worth, TX Total Total"
30,692185,2388972015,"British Airways Plc-New York, NY-London, United Kingdom Total Total"
31,685635,992799480,"Alaska Airlines Inc.-Anchorage, AK-Seattle, WA Total Total"
32,676200,979137600,"Alaska Airlines Inc.-Seattle, WA-Anchorage, AK Total Total"
33,674666,109970558,"Hawaiian Airlines Inc.-Kona, HI-Honolulu, HI Total Total"
34,670302,109259226,"Hawaiian Airlines Inc.-Honolulu, HI-Kona, HI Total Total"
35,666659,635993426,"Alaska Airlines Inc.-Seattle, WA-Los Angeles, CA Total Total"
36,664464,633899301,"Alaska Airlines Inc.-Los Angeles, CA-Seattle, WA Total Total"
37,660492,910818468,"United Air Lines Inc.-Houston, TX-Los Angeles, CA Total Total"
38,656438,177238260,"Delta Air Lines Inc.-Jacksonville, FL-Atlanta, GA Total Total"
39,656135,1682986275,"United Air Lines Inc.-San Francisco, CA-Newark, NJ Total Total"
40,649324,614274812,"JetBlue Airways-New York, NY-Orlando, FL Total Total"
41,646644,174593880,"Delta Air Lines Inc.-Atlanta, GA-Jacksonville, FL Total Total"
42,643962,609191070,"JetBlue Airways-Orlando, FL-New York, NY Total Total"
43,642859,1648933335,"United Air Lines Inc.-Newark, NJ-San Francisco, CA Total Total"
44,636622,682290266,"JetBlue Airways-Fort Lauderdale, FL-New York, NY Total Total"
45,635303,680880304,"JetBlue Airways-New York, NY-Fort Lauderdale, FL Total Total"
46,633505,64617510,"Hawaiian Airlines Inc.-Honolulu, HI-Lihue, HI Total Total"
47,633476,64614552,"Hawaiian Airlines Inc.-Lihue, HI-Honolulu, HI Total Total"
48,633236,751637672,"American Airlines Inc.-Washington, DC-Dallas/Fort Worth, TX Total Total"
49,631650,749769500,"American Airlines Inc.-Dallas/Fort Worth, TX-Washington, DC Total Total"
50,630334,869230586,"United Air Lines Inc.-Los Angeles, CA-Houston, TX Total Total"
51,619004,147941956,"Southwest Airlines Co.-Houston, TX-Dallas, TX Total Total"
52,617151,691826271,"American Airlines Inc.-Miami, FL-Dallas/Fort Worth, TX Total Total"
53,615763,147167357,"Southwest Airlines Co.-Dallas, TX-Houston, TX Total Total"
54,612956,687123676,"American Airlines Inc.-Dallas/Fort Worth, TX-Miami, FL Total Total"
55,610251,362489094,"Delta Air Lines Inc.-Atlanta, GA-Miami, FL Total Total"
56,610108,553367956,"Delta Air Lines Inc.-Minneapolis, MN-Atlanta, GA Total Total"
57,609267,552605169,"Delta Air Lines Inc.-Atlanta, GA-Minneapolis, MN Total Total"
58,604902,359311788,"Delta Air Lines Inc.-Miami, FL-Atlanta, GA Total Total"
59,604841,1054842704,"United Air Lines Inc.-Los Angeles, CA-Chicago, IL Total Total"
60,600470,114089300,"American Airlines Inc.-Austin, TX-Dallas/Fort Worth, TX Total Total"
61,592306,112538140,"American Airlines Inc.-Dallas/Fort Worth, TX-Austin, TX Total Total"
62,585894,208578264,"Delta Air Lines Inc.-Raleigh/Durham, NC-Atlanta, GA Total Total"
63,584749,248518325,"Delta Air Lines Inc.-New Orleans, LA-Atlanta, GA Total Total"
64,584228,1433695512,"United Air Lines Inc.-Los Angeles, CA-Newark, NJ Total Total"
65,580806,549442476,"Delta Air Lines Inc.-Atlanta, GA-Boston, MA Total Total"
66,578646,245924550,"Delta Air Lines Inc.-Atlanta, GA-New Orleans, LA Total Total"
67,575949,313892205,"Delta Air Lines Inc.-West Palm Beach/Palm Beach, FL-Atlanta, GA Total Total"
68,575027,543975542,"Delta Air Lines Inc.-Boston, MA-Atlanta, GA Total Total"
69,574815,204634140,"Delta Air Lines Inc.-Atlanta, GA-Raleigh/Durham, NC Total Total"
70,571833,311648985,"Delta Air Lines Inc.-Atlanta, GA-West Palm Beach/Palm Beach, FL Total Total"
71,571324,339366456,"Delta Air Lines Inc.-Atlanta, GA-Detroit, MI Total Total"
72,563662,1383226548,"United Air Lines Inc.-Newark, NJ-Los Angeles, CA Total Total"
73,561415,138669505,"American Airlines Inc.-Dallas/Fort Worth, TX-San Antonio, TX Total Total"
74,561059,333269046,"Delta Air Lines Inc.-Detroit, MI-Atlanta, GA Total Total"
75,556997,137578259,"American Airlines Inc.-San Antonio, TX-Dallas/Fort Worth, TX Total Total"
76,553937,966066128,"United Air Lines Inc.-Chicago, IL-Los Angeles, CA Total Total"
77,548875,579063125,"American Airlines Inc.-Dallas/Fort Worth, TX-Las Vegas, NV Total Total"
78,546855,471389010,"United Air Lines Inc.-Houston, TX-Denver, CO Total Total"
79,546302,470912324,"United Air Lines Inc.-Denver, CO-Houston, TX Total Total"
80,540477,570203235,"American Airlines Inc.-Las Vegas, NV-Dallas/Fort Worth, TX Total Total"
81,540373,791106072,"American Airlines Inc.-Dallas/Fort Worth, TX-San Francisco, CA Total Total"
82,539973,359622018,"Delta Air Lines Inc.-Atlanta, GA-Philadelphia, PA Total Total"
83,539311,394236341,"Delta Air Lines Inc.-Atlanta, GA-Dallas/Fort Worth, TX Total Total"
84,538636,116345376,"Hawaiian Airlines Inc.-Honolulu, HI-Hilo, HI Total Total"
85,534917,491764743,"American Airlines Inc.-Miami, FL-Washington, DC Total Total"
86,529018,864944430,"United Air Lines Inc.-Houston, TX-San Francisco, CA Total Total"
87,528377,351899082,"Delta Air Lines Inc.-Philadelphia, PA-Atlanta, GA Total Total"
88,527165,119139290,"Delta Air Lines Inc.-Charlotte, NC-Atlanta, GA Total Total"
89,525796,483383600,"American Airlines Inc.-Washington, DC-Miami, FL Total Total"
90,523623,766584072,"American Airlines Inc.-San Francisco, CA-Dallas/Fort Worth, TX Total Total"
91,523281,484034485,"United Air Lines Inc.-Chicago, IL-Houston, TX Total Total"
92,523026,483799050,"United Air Lines Inc.-Houston, TX-Chicago, IL Total Total"
93,521332,117821032,"Delta Air Lines Inc.-Atlanta, GA-Charlotte, NC Total Total"
94,521001,112536216,"Hawaiian Airlines Inc.-Hilo, HI-Honolulu, HI Total Total"
95,519946,380080526,"Delta Air Lines Inc.-Dallas/Fort Worth, TX-Atlanta, GA Total Total"
96,518609,66900561,"Horizon Air-Seattle, WA-Portland, OR Total Total"
97,516984,845268840,"United Air Lines Inc.-San Francisco, CA-Houston, TX Total Total"
98,513731,376564282,"United Air Lines Inc.-New York, NY-Chicago, IL Total Total"
99,511819,66024651,"Horizon Air-Portland, OR-Seattle, WA Total Total"
100,510708,611317476,"American Airlines Inc.-Miami, FL-Chicago, IL Total Total"
101,509878,294199606,"Delta Air Lines Inc.-Atlanta, GA-Baltimore, MD Total Total"
102,509859,294188643,"Delta Air Lines Inc.-Baltimore, MD-Atlanta, GA Total Total"
103,508413,500786805,"American Airlines Inc.-Dallas/Fort Worth, TX-Orlando, FL Total Total"
104,508178,372495377,"United Air Lines Inc.-Chicago, IL-New York, NY Total Total"
105,507176,450372288,"United Air Lines Inc.-Chicago, IL-Denver, CO Total Total"
106,506420,449700960,"United Air Lines Inc.-Denver, CO-Chicago, IL Total Total"
107,505059,497483115,"American Airlines Inc.-Orlando, FL-Dallas/Fort Worth, TX Total Total"
108,502135,1215835495,"United Air Lines Inc.-San Francisco, CA-Washington, DC Total Total"
109,501987,1215428263,"United Air Lines Inc.-Washington, DC-San Francisco, CA Total Total"
110,501976,702766400,"United Air Lines Inc.-Newark, NJ-Houston, TX Total Total"
111,501474,797343660,"Delta Air Lines Inc.-Atlanta, GA-Salt Lake City, UT Total Total"
112,499975,483475825,"United Air Lines Inc.-Denver, CO-San Francisco, CA Total Total"
113,499904,794847360,"Delta Air Lines Inc.-Salt Lake City, UT-Atlanta, GA Total Total"
114,498339,596511783,"American Airlines Inc.-Chicago, IL-Miami, FL Total Total"
115,497163,167543931,"United Air Lines Inc.-San Francisco, CA-Los Angeles, CA Total Total"
116,495550,167000350,"United Air Lines Inc.-Los Angeles, CA-San Francisco, CA Total Total"
117,494484,468520824,"Delta Air Lines Inc.-New York, NY-Orlando, FL Total Total"
118,491966,427026488,"American Airlines Inc.-Dallas/Fort Worth, TX-Phoenix, AZ Total Total"
119,489499,855154753,"Delta Air Lines Inc.-Las Vegas, NV-Atlanta, GA Total Total"
120,488389,1143807038,"American Airlines Inc.-Los Angeles, CA-Miami, FL Total Total"
121,487190,682066000,"United Air Lines Inc.-Houston, TX-Newark, NJ Total Total"
122,487075,1205510625,"Delta Air Lines Inc.-Los Angeles, CA-New York, NY Total Total"
123,486948,1770055980,"Compagnie Natl Air France-New York, NY-Paris, France Total Total"
124,486409,250500635,"Delta Air Lines Inc.-Fort Myers, FL-Atlanta, GA Total Total"
125,485810,848710070,"Delta Air Lines Inc.-Atlanta, GA-Las Vegas, NV Total Total"
126,485741,250156615,"Delta Air Lines Inc.-Atlanta, GA-Fort Myers, FL Total Total"
127,485161,568123531,"American Airlines Inc.-Dallas/Fort Worth, TX-San Diego, CA Total Total"
128,484687,454151719,"United Air Lines Inc.-Newark, NJ-Orlando, FL Total Total"
129,484388,420448784,"American Airlines Inc.-Phoenix, AZ-Dallas/Fort Worth, TX Total Total"
130,478531,330992751,"Delta Air Lines Inc.-Atlanta, GA-Houston, TX Total Total"
131,477726,559417146,"American Airlines Inc.-San Diego, CA-Dallas/Fort Worth, TX Total Total"
132,476768,831483392,"American Airlines Inc.-Chicago, IL-Los Angeles, CA Total Total"
133,474376,91080192,"American Airlines Inc.-Orlando, FL-Miami, FL Total Total"
134,474259,449363486,"Delta Air Lines Inc.-Orlando, FL-New York, NY Total Total"
135,473892,1172882700,"Delta Air Lines Inc.-New York, NY-Los Angeles, CA Total Total"
136,473438,1108791796,"American Airlines Inc.-Miami, FL-Los Angeles, CA Total Total"
137,473156,825184064,"American Airlines Inc.-Los Angeles, CA-Chicago, IL Total Total"
138,472873,90791616,"American Airlines Inc.-Miami, FL-Orlando, FL Total Total"
139,472409,1717206715,"Compagnie Natl Air France-Paris, France-New York, NY Total Total"
140,469733,301098853,"American Airlines Inc.-Dallas/Fort Worth, TX-Denver, CO Total Total"
141,466707,299159187,"American Airlines Inc.-Denver, CO-Dallas/Fort Worth, TX Total Total"
142,465881,436530497,"United Air Lines Inc.-Orlando, FL-Newark, NJ Total Total"
143,465663,322100379,"Delta Air Lines Inc.-Houston, TX-Atlanta, GA Total Total"
144,461607,987377373,"Delta Air Lines Inc.-Atlanta, GA-San Francisco, CA Total Total"
145,456647,274901494,"Southwest Airlines Co.-Denver, CO-Phoenix, AZ Total Total"
146,454751,273760102,"Southwest Airlines Co.-Phoenix, AZ-Denver, CO Total Total"
147,454238,439248146,"United Air Lines Inc.-San Francisco, CA-Denver, CO Total Total"
148,451782,966361698,"Delta Air Lines Inc.-San Francisco, CA-Atlanta, GA Total Total"
149,443733,266580017,"United Air Lines Inc.-Chicago, IL-Washington, DC Total Total"
150,441084,94391976,"Delta Air Lines Inc.-Nashville, TN-Atlanta, GA Total Total"
151,439669,316122011,"United Air Lines Inc.-Chicago, IL-Newark, NJ Total Total"
152,435526,93202564,"Delta Air Lines Inc.-Atlanta, GA-Nashville, TN Total Total"
153,433926,406154736,"American Airlines Inc.-Charlotte, NC-Dallas/Fort Worth, TX Total Total"
154,430515,258833981,"United Air Lines Inc.-Washington, DC-Chicago, IL Total Total"
155,428340,651505140,"Southwest Airlines Co.-Las Vegas, NV-Chicago, IL Total Total"
156,428071,934050922,"Delta Air Lines Inc.-Seattle, WA-Atlanta, GA Total Total"
157,427424,400068864,"American Airlines Inc.-Dallas/Fort Worth, TX-Charlotte, NC Total Total"
158,426895,931484890,"Delta Air Lines Inc.-Atlanta, GA-Seattle, WA Total Total"
159,426738,306824622,"United Air Lines Inc.-Newark, NJ-Chicago, IL Total Total"
160,425914,231185383,"American Airlines Inc.-Charlotte, NC-New York, NY Total Total"
161,425853,369214551,"American Airlines Inc.-Chicago, IL-Boston, MA Total Total"
162,425484,510155316,"Delta Air Lines Inc.-Atlanta, GA-Denver, CO Total Total"
163,425243,509866357,"Delta Air Lines Inc.-Denver, CO-Atlanta, GA Total Total"
164,424318,230333560,"American Airlines Inc.-New York, NY-Charlotte, NC Total Total"
165,422346,508926930,"American Airlines Inc.-Dallas/Fort Worth, TX-Santa Ana, CA Total Total"
166,420677,639849717,"Southwest Airlines Co.-Chicago, IL-Las Vegas, NV Total Total"
167,420558,364623786,"Alaska Airlines Inc.-Seattle, WA-Las Vegas, NV Total Total"
168,419900,697034000,"American Airlines Inc.-Seattle, WA-Dallas/Fort Worth, TX Total Total"
169,419392,505367360,"American Airlines Inc.-Santa Ana, CA-Dallas/Fort Worth, TX Total Total"
170,419362,139228184,"Delta Air Lines Inc.-Atlanta, GA-Memphis, TN Total Total"
171,417945,386599125,"Southwest Airlines Co.-Baltimore, MD-Fort Lauderdale, FL Total Total"
172,417901,693715660,"American Airlines Inc.-Dallas/Fort Worth, TX-Seattle, WA Total Total"
173,417465,361942155,"American Airlines Inc.-Boston, MA-Chicago, IL Total Total"
174,417169,385881325,"Southwest Airlines Co.-Fort Lauderdale, FL-Baltimore, MD Total Total"
175,416724,499989576,"United Air Lines Inc.-Houston, TX-Washington, DC Total Total"
176,416319,138217908,"Delta Air Lines Inc.-Memphis, TN-Atlanta, GA Total Total"
177,415590,498554706,"United Air Lines Inc.-Washington, DC-Houston, TX Total Total"
178,415002,326606574,"Southwest Airlines Co.-Orlando, FL-Baltimore, MD Total Total"
179,414464,359340288,"Alaska Airlines Inc.-Las Vegas, NV-Seattle, WA Total Total"
180,413275,325247425,"Southwest Airlines Co.-Baltimore, MD-Orlando, FL Total Total"
181,411321,631377735,"Delta Air Lines Inc.-Minneapolis, MN-Los Angeles, CA Total Total"
182,409698,106111782,"Delta Air Lines Inc.-Charleston, SC-Atlanta, GA Total Total"
183,407483,303982318,"Delta Air Lines Inc.-Atlanta, GA-Newark, NJ Total Total"
184,406257,2782454193,"Emirates-Dubai, United Arab Emirates-New York, NY Total Total"
185,405438,105008442,"Delta Air Lines Inc.-Atlanta, GA-Charleston, SC Total Total"
186,404051,104245158,"Southwest Airlines Co.-Las Vegas, NV-San Diego, CA Total Total"
187,403418,619246630,"Delta Air Lines Inc.-Los Angeles, CA-Minneapolis, MN Total Total"
188,402984,300626064,"Delta Air Lines Inc.-Newark, NJ-Atlanta, GA Total Total"
189,402911,440479080,"Delta Air Lines Inc.-New York, NY-Miami, FL Total Total"
190,402624,103876992,"Southwest Airlines Co.-San Diego, CA-Las Vegas, NV Total Total"
191,401677,130545025,"Southwest Airlines Co.-Oakland, CA-Burbank, CA Total Total"
192,400845,173165040,"Delta Air Lines Inc.-Indianapolis, IN-Atlanta, GA Total Total"
193,399227,129748775,"Southwest Airlines Co.-Burbank, CA-Oakland, CA Total Total"
194,398841,172299312,"Delta Air Lines Inc.-Atlanta, GA-Indianapolis, IN Total Total"
195,398314,1374581614,"Virgin Atlantic Airways-London, United Kingdom-New York, NY Total Total"
196,395996,93455056,"Southwest Airlines Co.-Los Angeles, CA-Las Vegas, NV Total Total"
197,395861,432793020,"Delta Air Lines Inc.-Miami, FL-New York, NY Total Total"
198,395080,412858600,"American Airlines Inc.-San Juan, PR-Miami, FL Total Total"
199,395035,552653965,"Delta Air Lines Inc.-Minneapolis, MN-Seattle, WA Total Total"
200,394699,288524969,"American Airlines Inc.-Atlanta, GA-Dallas/Fort Worth, TX Total Total"
201,393755,92926180,"Southwest Airlines Co.-Las Vegas, NV-Los Angeles, CA Total Total"
202,391701,2682760149,"Emirates-New York, NY-Dubai, United Arab Emirates Total Total"
203,391519,337489378,"United Air Lines Inc.-Denver, CO-Los Angeles, CA Total Total"
204,391361,337353182,"United Air Lines Inc.-Los Angeles, CA-Denver, CO Total Total"
205,390237,285263247,"American Airlines Inc.-Dallas/Fort Worth, TX-Atlanta, GA Total Total"
206,390049,1346059099,"Virgin Atlantic Airways-New York, NY-London, United Kingdom Total Total"
207,389492,348595340,"Southwest Airlines Co.-Chicago, IL-Denver, CO Total Total"
208,388197,405665865,"American Airlines Inc.-Miami, FL-San Juan, PR Total Total"
209,388071,268544516,"Delta Air Lines Inc.-Atlanta, GA-Kansas City, MO Total Total"
210,388047,186650607,"Delta Air Lines Inc.-Richmond, VA-Atlanta, GA Total Total"
211,386783,172505218,"Southwest Airlines Co.-San Diego, CA-Oakland, CA Total Total"
212,386726,370096782,"Delta Air Lines Inc.-Detroit, MI-Orlando, FL Total Total"
213,385490,186577160,"Delta Air Lines Inc.-St. Louis, MO-Atlanta, GA Total Total"
214,385332,484747656,"American Airlines Inc.-Miami, FL-Boston, MA Total Total"
215,384983,560199828,"United Air Lines Inc.-Denver, CO-Washington, DC Total Total"
216,384205,265869860,"Delta Air Lines Inc.-Kansas City, MO-Atlanta, GA Total Total"
217,384185,537474764,"Delta Air Lines Inc.-Seattle, WA-Minneapolis, MN Total Total"
218,384169,184785289,"Delta Air Lines Inc.-Atlanta, GA-Richmond, VA Total Total"
219,384009,185859149,"Delta Air Lines Inc.-Atlanta, GA-St. Louis, MO Total Total"
220,383748,558441624,"United Air Lines Inc.-Washington, DC-Denver, CO Total Total"
221,383021,947976975,"JetBlue Airways-Los Angeles, CA-New York, NY Total Total"
222,381665,365253405,"Delta Air Lines Inc.-Orlando, FL-Detroit, MI Total Total"
223,380623,340657585,"Southwest Airlines Co.-Denver, CO-Chicago, IL Total Total"
224,380205,324695070,"United Air Lines Inc.-Orlando, FL-Houston, TX Total Total"
225,378939,937874025,"JetBlue Airways-New York, NY-Los Angeles, CA Total Total"
226,378702,127622574,"Southwest Airlines Co.-Los Angeles, CA-Oakland, CA Total Total"
227,378683,387141216,"Delta Air Lines Inc.-New York, NY-Minneapolis, MN Total Total"
228,378302,386732886,"Delta Air Lines Inc.-Minneapolis, MN-New York, NY Total Total"
229,377267,50553778,"Delta Air Lines Inc.-Birmingham, AL-Atlanta, GA Total Total"
230,376549,167940854,"Southwest Airlines Co.-Oakland, CA-San Diego, CA Total Total"
231,376464,126868368,"Southwest Airlines Co.-Oakland, CA-Los Angeles, CA Total Total"
232,375878,472854524,"American Airlines Inc.-Boston, MA-Miami, FL Total Total"
233,375853,1016306512,"United Air Lines Inc.-San Francisco, CA-Boston, MA Total Total"
234,375072,95643360,"Southwest Airlines Co.-Las Vegas, NV-Phoenix, AZ Total Total"
235,374385,926601423,"American Airlines Inc.-Los Angeles, CA-New York, NY Total Total"
236,374141,925996743,"American Airlines Inc.-New York, NY-Los Angeles, CA Total Total"
237,373568,113564672,"Southwest Airlines Co.-San Diego, CA-Phoenix, AZ Total Total"
238,373362,318851148,"United Air Lines Inc.-Houston, TX-Orlando, FL Total Total"
239,372913,125671681,"Virgin America-Los Angeles, CA-San Francisco, CA Total Total"
240,372369,383924194,"JetBlue Airways-New York, NY-West Palm Beach/Palm Beach, FL Total Total"
241,372110,49862740,"Delta Air Lines Inc.-Atlanta, GA-Birmingham, AL Total Total"
242,371764,153910296,"United Air Lines Inc.-Las Vegas, NV-San Francisco, CA Total Total"
243,371688,94780440,"Southwest Airlines Co.-Phoenix, AZ-Las Vegas, NV Total Total"
244,371152,1003595008,"United Air Lines Inc.-Boston, MA-San Francisco, CA Total Total"
245,370477,381956083,"JetBlue Airways-West Palm Beach/Palm Beach, FL-New York, NY Total Total"
246,369669,190749204,"Delta Air Lines Inc.-Atlanta, GA-Norfolk, VA Total Total"
247,368215,78798010,"Delta Air Lines Inc.-Atlanta, GA-Savannah, GA Total Total"
248,367855,111827920,"Southwest Airlines Co.-Phoenix, AZ-San Diego, CA Total Total"
249,367226,193895328,"Delta Air Lines Inc.-Minneapolis, MN-Detroit, MI Total Total"
250,366632,572679184,"American Airlines Inc.-Dallas/Fort Worth, TX-Boston, MA Total Total"
251,366588,67817316,"Delta Air Lines Inc.-New York, NY-Boston, MA Total Total"
252,366532,216253880,"Delta Air Lines Inc.-Salt Lake City, UT-Los Angeles, CA Total Total"
253,365953,78313942,"Delta Air Lines Inc.-Savannah, GA-Atlanta, GA Total Total"
254,364842,569883204,"American Airlines Inc.-Boston, MA-Dallas/Fort Worth, TX Total Total"
255,364833,361184670,"Southwest Airlines Co.-Orlando, FL-Chicago, IL Total Total"
256,364583,360937170,"Southwest Airlines Co.-Chicago, IL-Orlando, FL Total Total"
257,364293,67396530,"Delta Air Lines Inc.-Boston, MA-New York, NY Total Total"
258,363720,187679520,"Delta Air Lines Inc.-Norfolk, VA-Atlanta, GA Total Total"
259,363550,687836600,"Delta Air Lines Inc.-San Diego, CA-Atlanta, GA Total Total"
260,363197,162349059,"Delta Air Lines Inc.-Atlanta, GA-Columbus, OH Total Total"
261,362913,197056686,"US Airways Inc.-Charlotte, NC-New York, NY Total Total"
262,362842,122277754,"Virgin America-San Francisco, CA-Los Angeles, CA Total Total"
263,362559,191431152,"Delta Air Lines Inc.-Detroit, MI-Minneapolis, MN Total Total"
264,362459,829310056,"United Air Lines Inc.-Los Angeles, CA-Washington, DC Total Total"
265,361394,826876809,"United Air Lines Inc.-Washington, DC-Los Angeles, CA Total Total"
266,361000,293493000,"Delta Air Lines Inc.-Atlanta, GA-Austin, TX Total Total"
267,360128,314751872,"Delta Air Lines Inc.-Atlanta, GA-San Antonio, TX Total Total"
268,360041,160938327,"Delta Air Lines Inc.-Columbus, OH-Atlanta, GA Total Total"
269,359934,680995128,"Delta Air Lines Inc.-Atlanta, GA-San Diego, CA Total Total"
270,357740,466135220,"American Airlines Inc.-Philadelphia, PA-Dallas/Fort Worth, TX Total Total"
271,357062,515597528,"Southwest Airlines Co.-Chicago, IL-Phoenix, AZ Total Total"
272,356800,290078400,"Delta Air Lines Inc.-Austin, TX-Atlanta, GA Total Total"
273,355799,310968326,"Delta Air Lines Inc.-San Antonio, TX-Atlanta, GA Total Total"
274,355721,463504463,"American Airlines Inc.-Dallas/Fort Worth, TX-Philadelphia, PA Total Total"
275,355714,122721330,"Southwest Airlines Co.-Las Vegas, NV-Reno, NV Total Total"
276,355694,122714430,"Southwest Airlines Co.-Reno, NV-Las Vegas, NV Total Total"
277,355541,513401204,"Southwest Airlines Co.-Phoenix, AZ-Chicago, IL Total Total"
278,355456,147158784,"United Air Lines Inc.-San Francisco, CA-Las Vegas, NV Total Total"
279,355445,193011530,"US Airways Inc.-New York, NY-Charlotte, NC Total Total"
280,354631,209232290,"Delta Air Lines Inc.-Los Angeles, CA-Salt Lake City, UT Total Total"
281,353619,130485411,"Southwest Airlines Co.-Baltimore, MD-Boston, MA Total Total"
282,353608,240100632,"Alaska Airlines Inc.-Seattle, WA-San Francisco, CA Total Total"
283,353334,147340278,"Southwest Airlines Co.-San Diego, CA-San Jose, CA Total Total"
284,352611,130113459,"Southwest Airlines Co.-Boston, MA-Baltimore, MD Total Total"
285,352492,378280518,"Delta Air Lines Inc.-New York, NY-Fort Lauderdale, FL Total Total"
286,351710,70342000,"United Air Lines Inc.-Newark, NJ-Boston, MA Total Total"
287,350937,146340729,"Southwest Airlines Co.-San Jose, CA-San Diego, CA Total Total"
288,350474,376116752,"Delta Air Lines Inc.-Fort Lauderdale, FL-New York, NY Total Total"
289,350212,184211512,"Delta Air Lines Inc.-Pittsburgh, PA-Atlanta, GA Total Total"
290,349898,237581537,"Alaska Airlines Inc.-San Francisco, CA-Seattle, WA Total Total"
291,347429,687561991,"Delta Air Lines Inc.-Los Angeles, CA-Detroit, MI Total Total"
292,346964,218934284,"American Airlines Inc.-Nashville, TN-Dallas/Fort Worth, TX Total Total"
293,346774,550330338,"Delta Air Lines Inc.-Atlanta, GA-Phoenix, AZ Total Total"
294,345797,139061867,"JetBlue Airways-Washington, DC-Boston, MA Total Total"
295,345571,288206214,"Alaska Airlines Inc.-Portland, OR-Los Angeles, CA Total Total"
296,345327,138830979,"JetBlue Airways-Boston, MA-Washington, DC Total Total"
297,344816,205465088,"Southwest Airlines Co.-Washington, DC-Chicago, IL Total Total"
298,344720,216484160,"Southwest Airlines Co.-Denver, CO-Las Vegas, NV Total Total"
299,344361,825777678,"United Air Lines Inc.-San Francisco, CA-Honolulu, HI Total Total"
300,342665,139464655,"Southwest Airlines Co.-Las Vegas, NV-Oakland, CA Total Total"
301,342153,84853944,"Southwest Airlines Co.-San Antonio, TX-Dallas, TX Total Total"
302,341822,542471514,"Delta Air Lines Inc.-Phoenix, AZ-Atlanta, GA Total Total"
303,341556,64554084,"Southwest Airlines Co.-Austin, TX-Dallas, TX Total Total"
304,341444,284764296,"Alaska Airlines Inc.-Los Angeles, CA-Portland, OR Total Total"
305,340603,234675467,"Delta Air Lines Inc.-Salt Lake City, UT-Seattle, WA Total Total"
306,340560,179134560,"Delta Air Lines Inc.-Atlanta, GA-Pittsburgh, PA Total Total"
307,340463,138568441,"Southwest Airlines Co.-Oakland, CA-Las Vegas, NV Total Total"
308,340360,214767160,"American Airlines Inc.-Dallas/Fort Worth, TX-Nashville, TN Total Total"
309,339821,92091491,"Delta Air Lines Inc.-Pensacola, FL-Atlanta, GA Total Total"
310,339587,131080582,"Southwest Airlines Co.-Las Vegas, NV-San Jose, CA Total Total"
311,339122,876969492,"Delta Air Lines Inc.-San Francisco, CA-New York, NY Total Total"
312,338937,162689760,"Southwest Airlines Co.-San Diego, CA-Sacramento, CA Total Total"
313,337889,130425154,"Southwest Airlines Co.-San Jose, CA-Las Vegas, NV Total Total"
314,337809,91546239,"Delta Air Lines Inc.-Atlanta, GA-Pensacola, FL Total Total"
315,337307,63751023,"Southwest Airlines Co.-Dallas, TX-Austin, TX Total Total"
316,337231,292379277,"United Air Lines Inc.-Chicago, IL-Boston, MA Total Total"
317,337050,485352356,"American Airlines Inc.-Chicago, IL-Phoenix, AZ Total Total"
318,336671,437335629,"Delta Air Lines Inc.-Minneapolis, MN-Las Vegas, NV Total Total"
319,336551,666034429,"Delta Air Lines Inc.-Detroit, MI-Los Angeles, CA Total Total"
320,336412,231787868,"Delta Air Lines Inc.-Seattle, WA-Salt Lake City, UT Total Total"
321,336129,352935450,"Alaska Airlines Inc.-Seattle, WA-San Diego, CA Total Total"
322,335932,410508904,"United Air Lines Inc.-Houston, TX-Las Vegas, NV Total Total"
323,335696,436069104,"Delta Air Lines Inc.-Las Vegas, NV-Minneapolis, MN Total Total"
324,335406,328027068,"Alaska Airlines Inc.-Seattle, WA-Santa Ana, CA Total Total"
325,335127,210459756,"Southwest Airlines Co.-Las Vegas, NV-Denver, CO Total Total"
326,334248,864365328,"Delta Air Lines Inc.-New York, NY-San Francisco, CA Total Total"
327,333817,226661743,"United Air Lines Inc.-San Francisco, CA-Seattle, WA Total Total"
328,333798,326454444,"Alaska Airlines Inc.-Santa Ana, CA-Seattle, WA Total Total"
329,333718,407803396,"United Air Lines Inc.-Las Vegas, NV-Houston, TX Total Total"
330,333368,160016640,"Southwest Airlines Co.-Sacramento, CA-San Diego, CA Total Total"
331,333224,167511674,"Delta Air Lines Inc.-Detroit, MI-New York, NY Total Total"
332,332994,198604602,"Southwest Airlines Co.-Chicago, IL-Washington, DC Total Total"
333,332810,288545922,"United Air Lines Inc.-Boston, MA-Chicago, IL Total Total"
334,331802,348392100,"Alaska Airlines Inc.-San Diego, CA-Seattle, WA Total Total"
335,331391,113335722,"Southwest Airlines Co.-Santa Ana, CA-San Jose, CA Total Total"
336,330022,112867524,"Southwest Airlines Co.-San Jose, CA-Santa Ana, CA Total Total"
337,329166,65833200,"United Air Lines Inc.-Boston, MA-Newark, NJ Total Total"
338,329022,330667110,"United Air Lines Inc.-Chicago, IL-Orlando, FL Total Total"
339,327976,472285440,"American Airlines Inc.-Phoenix, AZ-Chicago, IL Total Total"
340,325861,199426701,"American Airlines Inc.-Washington, DC-Chicago, IL Total Total"
341,325336,104432856,"Delta Air Lines Inc.-Louisville, KY-Atlanta, GA Total Total"
342,324418,80455664,"Southwest Airlines Co.-Dallas, TX-San Antonio, TX Total Total"
343,323870,1240156705,"Japan Air Lines Co. Ltd.-Honolulu, HI-Tokyo, Japan Total Total"
344,323274,219503336,"United Air Lines Inc.-Seattle, WA-San Francisco, CA Total Total"
345,322695,324308475,"United Air Lines Inc.-Orlando, FL-Chicago, IL Total Total"
346,322379,215671551,"Delta Air Lines Inc.-Atlanta, GA-Milwaukee, WI Total Total"
347,321672,103256712,"Delta Air Lines Inc.-Atlanta, GA-Louisville, KY Total Total"
348,321044,114612708,"Air Canada-Toronto, Canada-New York, NY Total Total"
349,320993,769741214,"United Air Lines Inc.-Honolulu, HI-San Francisco, CA Total Total"
350,320511,161114957,"Delta Air Lines Inc.-New York, NY-Detroit, MI Total Total"
351,320210,114314970,"Air Canada-New York, NY-Toronto, Canada Total Total"
352,320165,513864825,"United Air Lines Inc.-Denver, CO-Newark, NJ Total Total"
353,319436,1223311949,"Japan Air Lines Co. Ltd.-Tokyo, Japan-Honolulu, HI Total Total"
354,318879,511800795,"United Air Lines Inc.-Newark, NJ-Denver, CO Total Total"
355,317958,505235262,"Delta Air Lines Inc.-Minneapolis, MN-San Francisco, CA Total Total"
356,316953,70680519,"Southwest Airlines Co.-Las Vegas, NV-Burbank, CA Total Total"
357,316851,272175009,"Delta Air Lines Inc.-Hartford, CT-Atlanta, GA Total Total"
358,316816,103598832,"Southwest Airlines Co.-Providence, RI-Baltimore, MD Total Total"
359,316587,505906026,"JetBlue Airways-San Juan, PR-New York, NY Total Total"
360,316509,193689156,"American Airlines Inc.-Chicago, IL-Washington, DC Total Total"
361,316253,211573257,"Delta Air Lines Inc.-Milwaukee, WI-Atlanta, GA Total Total"
362,314474,270133166,"Delta Air Lines Inc.-Atlanta, GA-Hartford, CT Total Total"
363,313348,116252108,"Southwest Airlines Co.-Santa Ana, CA-Oakland, CA Total Total"
364,311524,69469852,"Southwest Airlines Co.-Burbank, CA-Las Vegas, NV Total Total"
365,311394,494805066,"Delta Air Lines Inc.-San Francisco, CA-Minneapolis, MN Total Total"
366,310788,115923924,"Delta Air Lines Inc.-Cincinnati, OH-Atlanta, GA Total Total"
367,310511,115199581,"Southwest Airlines Co.-Oakland, CA-Santa Ana, CA Total Total"
368,310457,101519439,"Southwest Airlines Co.-Baltimore, MD-Providence, RI Total Total"
369,310203,572634738,"American Airlines Inc.-Chicago, IL-San Francisco, CA Total Total"
370,309017,250612787,"United Air Lines Inc.-Cancun, Mexico-Houston, TX Total Total"
371,308670,493254660,"JetBlue Airways-New York, NY-San Juan, PR Total Total"
372,308164,69350552,"American Airlines Inc.-Dallas/Fort Worth, TX-Houston, TX Total Total"
373,307481,435393245,"United Air Lines Inc.-Houston, TX-New York, NY Total Total"
374,307452,567556392,"American Airlines Inc.-San Francisco, CA-Chicago, IL Total Total"
375,307004,264637448,"Southwest Airlines Co.-Denver, CO-Los Angeles, CA Total Total"
376,306924,258430008,"Southwest Airlines Co.-Tampa, FL-Baltimore, MD Total Total"
377,306899,264546938,"Southwest Airlines Co.-Los Angeles, CA-Denver, CO Total Total"
378,306414,114292422,"Delta Air Lines Inc.-Atlanta, GA-Cincinnati, OH Total Total"
379,304937,93920596,"Southwest Airlines Co.-San Jose, CA-Los Angeles, CA Total Total"
380,304867,68613473,"American Airlines Inc.-Houston, TX-Dallas/Fort Worth, TX Total Total"
381,304656,324458640,"United Air Lines Inc.-Newark, NJ-Fort Lauderdale, FL Total Total"
382,304609,91991918,"Southwest Airlines Co.-New Orleans, LA-Houston, TX Total Total"
383,304479,241451847,"Southwest Airlines Co.-Dallas, TX-Chicago, IL Total Total"
384,303910,241000630,"Southwest Airlines Co.-Chicago, IL-Dallas, TX Total Total"
385,303874,282298946,"American Airlines Inc.-Tampa, FL-Dallas/Fort Worth, TX Total Total"
386,303862,120633214,"Southwest Airlines Co.-Sacramento, CA-Las Vegas, NV Total Total"
387,303478,246120658,"United Air Lines Inc.-Houston, TX-Cancun, Mexico Total Total"
388,303472,91648544,"Southwest Airlines Co.-Houston, TX-New Orleans, LA Total Total"
389,303289,93413012,"Southwest Airlines Co.-Los Angeles, CA-San Jose, CA Total Total"
390,303137,989742305,"British Airways Plc-London, United Kingdom-Boston, MA Total Total"
391,302721,120180237,"Southwest Airlines Co.-Las Vegas, NV-Sacramento, CA Total Total"
392,302339,135145533,"United Air Lines Inc.-San Diego, CA-San Francisco, CA Total Total"
393,302003,280560787,"American Airlines Inc.-Dallas/Fort Worth, TX-Tampa, FL Total Total"
394,301436,321029340,"United Air Lines Inc.-Fort Lauderdale, FL-Newark, NJ Total Total"
395,301195,209932915,"Alaska Airlines Inc.-Seattle, WA-San Jose, CA Total Total"
396,300202,121581810,"Southwest Airlines Co.-Chicago, IL-Kansas City, MO Total Total"
397,300037,424852392,"United Air Lines Inc.-New York, NY-Houston, TX Total Total"
398,299557,765667692,"United Air Lines Inc.-Honolulu, HI-Los Angeles, CA Total Total"
399,298677,1176787380,"Delta Air Lines Inc.-Amsterdam, Netherlands-Detroit, MI Total Total"
400,298574,164215700,"American Airlines Inc.-Dallas/Fort Worth, TX-St. Louis, MO Total Total"
401,297772,207547084,"Alaska Airlines Inc.-San Jose, CA-Seattle, WA Total Total"
402,297719,379889444,"Delta Air Lines Inc.-Minneapolis, MN-Phoenix, AZ Total Total"
403,297096,109925520,"Southwest Airlines Co.-Phoenix, AZ-Los Angeles, CA Total Total"
404,296943,332279217,"American Airlines Inc.-Fort Lauderdale, FL-Dallas/Fort Worth, TX Total Total"
405,296882,132706254,"American Airlines Inc.-New Orleans, LA-Dallas/Fort Worth, TX Total Total"
406,296531,332411251,"JetBlue Airways-Boston, MA-Orlando, FL Total Total"
407,296136,304427808,"American Airlines Inc.-Cancun, Mexico-Dallas/Fort Worth, TX Total Total"
408,296014,162807700,"American Airlines Inc.-St. Louis, MO-Dallas/Fort Worth, TX Total Total"
409,296011,69858596,"American Airlines Inc.-Las Vegas, NV-Los Angeles, CA Total Total"
410,295997,177302203,"American Airlines Inc.-Charlotte, NC-Chicago, IL Total Total"
411,295957,249195794,"Southwest Airlines Co.-Baltimore, MD-Tampa, FL Total Total"
412,295015,213885875,"Southwest Airlines Co.-New York, NY-Chicago, IL Total Total"
413,294801,131776047,"American Airlines Inc.-Dallas/Fort Worth, TX-New Orleans, LA Total Total"
414,294577,567649879,"Delta Air Lines Inc.-Seattle, WA-Detroit, MI Total Total"
415,294262,752133672,"United Air Lines Inc.-Los Angeles, CA-Honolulu, HI Total Total"
416,294120,258825600,"Delta Air Lines Inc.-Atlanta, GA-Cancun, Mexico Total Total"
417,294079,375244804,"Delta Air Lines Inc.-Phoenix, AZ-Minneapolis, MN Total Total"
418,293472,258255360,"Delta Air Lines Inc.-Cancun, Mexico-Atlanta, GA Total Total"
419,293265,69210540,"American Airlines Inc.-Los Angeles, CA-Las Vegas, NV Total Total"
420,293209,130184796,"Delta Air Lines Inc.-Sarasota/Bradenton, FL-Atlanta, GA Total Total"
421,293088,564780576,"Delta Air Lines Inc.-Detroit, MI-Seattle, WA Total Total"
422,293010,301214280,"American Airlines Inc.-Dallas/Fort Worth, TX-Cancun, Mexico Total Total"
423,292576,2361088320,"Cathay Pacific Airways Ltd.-Hong Kong, Hong Kong-New York, NY Total Total"
424,292412,102051788,"Southwest Airlines Co.-Chicago, IL-Minneapolis, MN Total Total"
425,291809,174793591,"American Airlines Inc.-Chicago, IL-Charlotte, NC Total Total"
426,291680,184341760,"Delta Air Lines Inc.-Detroit, MI-Boston, MA Total Total"
427,291088,648252976,"United Air Lines Inc.-Las Vegas, NV-Newark, NJ Total Total"
428,291087,950399055,"British Airways Plc-Boston, MA-London, United Kingdom Total Total"
429,290785,325969985,"JetBlue Airways-Orlando, FL-Boston, MA Total Total"
430,290475,128970900,"Delta Air Lines Inc.-Atlanta, GA-Sarasota/Bradenton, FL Total Total"
431,290251,2107222260,"Cathay Pacific Airways Ltd.-Hong Kong, Hong Kong-Los Angeles, CA Total Total"
432,289722,97636314,"Southwest Airlines Co.-Los Angeles, CA-San Francisco, CA Total Total"
433,289072,448928816,"Aeromexico-Los Angeles, CA-Mexico City, Mexico Total Total"
434,289055,323452545,"American Airlines Inc.-Dallas/Fort Worth, TX-Fort Lauderdale, FL Total Total"
435,289037,505814750,"Southwest Airlines Co.-Chicago, IL-Los Angeles, CA Total Total"
436,288877,2097247020,"Cathay Pacific Airways Ltd.-Los Angeles, CA-Hong Kong, Hong Kong Total Total"
437,288606,116885430,"Southwest Airlines Co.-Kansas City, MO-Chicago, IL Total Total"
438,288446,504492054,"Delta Air Lines Inc.-Las Vegas, NV-Detroit, MI Total Total"
439,288322,106679140,"Southwest Airlines Co.-Los Angeles, CA-Phoenix, AZ Total Total"
440,288137,269984369,"Southwest Airlines Co.-Chicago, IL-Houston, TX Total Total"
441,287417,502692333,"Delta Air Lines Inc.-Detroit, MI-Las Vegas, NV Total Total"
442,286444,96531628,"Southwest Airlines Co.-San Francisco, CA-Los Angeles, CA Total Total"
443,286395,207636375,"Southwest Airlines Co.-Chicago, IL-New York, NY Total Total"
444,285693,636238311,"United Air Lines Inc.-Newark, NJ-Las Vegas, NV Total Total"
445,285582,2304646740,"Cathay Pacific Airways Ltd.-New York, NY-Hong Kong, Hong Kong Total Total"
446,285366,1556956896,"British Airways Plc-London, United Kingdom-Los Angeles, CA Total Total"
447,284950,266998150,"Southwest Airlines Co.-Houston, TX-Chicago, IL Total Total"
448,284862,498508500,"Southwest Airlines Co.-Los Angeles, CA-Chicago, IL Total Total"
449,284587,117819018,"Virgin America-Las Vegas, NV-San Francisco, CA Total Total"
450,284480,192877440,"American Airlines Inc.-Philadelphia, PA-Chicago, IL Total Total"
451,284270,96083260,"Southwest Airlines Co.-Phoenix, AZ-Santa Ana, CA Total Total"
452,283438,1927094962,"Eva Airways Corporation-Los Angeles, CA-Taipei, Taiwan Total Total"
453,283090,530510660,"United Air Lines Inc.-Houston, TX-Seattle, WA Total Total"
454,282688,117032832,"Virgin America-San Francisco, CA-Las Vegas, NV Total Total"
455,282279,191385162,"American Airlines Inc.-Chicago, IL-Philadelphia, PA Total Total"
456,281797,437630741,"Aeromexico-Mexico City, Mexico-Los Angeles, CA Total Total"
457,281475,1143728280,"American Airlines Inc.-Miami, FL-Sao Paulo, Brazil Total Total"
458,281379,129434340,"American Airlines Inc.-Dallas/Fort Worth, TX-Kansas City, MO Total Total"
459,281099,526779526,"United Air Lines Inc.-Seattle, WA-Houston, TX Total Total"
460,280463,97881587,"Southwest Airlines Co.-Minneapolis, MN-Chicago, IL Total Total"
461,280016,182010400,"American Airlines Inc.-Charlotte, NC-Miami, FL Total Total"
462,279763,115821882,"Southwest Airlines Co.-Las Vegas, NV-San Francisco, CA Total Total"
463,279723,128672580,"American Airlines Inc.-Kansas City, MO-Dallas/Fort Worth, TX Total Total"
464,279595,366269450,"Delta Air Lines Inc.-Orlando, FL-Minneapolis, MN Total Total"
465,279511,190067480,"Delta Air Lines Inc.-Denver, CO-Minneapolis, MN Total Total"
466,279362,1137562064,"Transportes Aeros Meridiona-Sao Paulo, Brazil-Miami, FL Total Total"
467,279260,1137146720,"Transportes Aeros Meridiona-Miami, FL-Sao Paulo, Brazil Total Total"
468,278985,1099200900,"Delta Air Lines Inc.-Detroit, MI-Amsterdam, Netherlands Total Total"
469,278172,281788236,"American Airlines Inc.-Miami, FL-Philadelphia, PA Total Total"
470,278032,62835232,"Southwest Airlines Co.-Las Vegas, NV-Santa Ana, CA Total Total"
471,277892,1516178752,"British Airways Plc-Los Angeles, CA-London, United Kingdom Total Total"
472,277873,188953640,"Delta Air Lines Inc.-Minneapolis, MN-Denver, CO Total Total"
473,277854,225895302,"American Airlines Inc.-Dallas/Fort Worth, TX-Tucson, AZ Total Total"
474,277529,275031239,"Delta Air Lines Inc.-Minneapolis, MN-Salt Lake City, UT Total Total"
475,276447,1879563153,"Eva Airways Corporation-Taipei, Taiwan-Los Angeles, CA Total Total"
476,276410,120514760,"Southwest Airlines Co.-New Orleans, LA-Dallas, TX Total Total"
477,276011,1121504360,"American Airlines Inc.-Sao Paulo, Brazil-Miami, FL Total Total"
478,275470,111289880,"Southwest Airlines Co.-Sacramento, CA-Santa Ana, CA Total Total"
479,275235,173948520,"Delta Air Lines Inc.-Boston, MA-Detroit, MI Total Total"
480,275154,111162216,"Southwest Airlines Co.-Santa Ana, CA-Sacramento, CA Total Total"
481,274891,223486383,"American Airlines Inc.-Tucson, AZ-Dallas/Fort Worth, TX Total Total"
482,274807,359997170,"Delta Air Lines Inc.-Minneapolis, MN-Orlando, FL Total Total"
483,274602,597533952,"Air Canada-Los Angeles, CA-Toronto, Canada Total Total"
484,274378,103440506,"Southwest Airlines Co.-Manchester, NH-Baltimore, MD Total Total"
485,274062,700502472,"Hawaiian Airlines Inc.-Honolulu, HI-Los Angeles, CA Total Total"
486,273722,145346382,"American Airlines Inc.-Miami, FL-Cancun, Mexico Total Total"
487,273609,92479842,"Southwest Airlines Co.-Santa Ana, CA-Phoenix, AZ Total Total"
488,272333,112745862,"Southwest Airlines Co.-San Francisco, CA-Las Vegas, NV Total Total"
489,272188,102614876,"Southwest Airlines Co.-Baltimore, MD-Manchester, NH Total Total"
490,271980,118583280,"Southwest Airlines Co.-Dallas, TX-New Orleans, LA Total Total"
491,271878,300969566,"Alaska Airlines Inc.-Phoenix, AZ-Seattle, WA Total Total"
492,271878,565234362,"Delta Air Lines Inc.-San Francisco, CA-Detroit, MI Total Total"
493,271821,76925343,"Southwest Airlines Co.-Hartford, CT-Baltimore, MD Total Total"
494,270830,109415320,"Southwest Airlines Co.-Atlanta, GA-Orlando, FL Total Total"
495,270322,61092772,"Southwest Airlines Co.-Santa Ana, CA-Las Vegas, NV Total Total"
496,268931,297707217,"Alaska Airlines Inc.-Seattle, WA-Phoenix, AZ Total Total"
497,268838,275021274,"United Air Lines Inc.-West Palm Beach/Palm Beach, FL-Newark, NJ Total Total"
498,268819,169355970,"Delta Air Lines Inc.-Salt Lake City, UT-Portland, OR Total Total"
499,268787,76066721,"Southwest Airlines Co.-Baltimore, MD-Hartford, CT Total Total"
500,268775,584854400,"Air Canada-Toronto, Canada-Los Angeles, CA Total Total"
501,268713,274893399,"United Air Lines Inc.-Newark, NJ-West Palm Beach/Palm Beach, FL Total Total"
502,268190,265776290,"Delta Air Lines Inc.-Salt Lake City, UT-Minneapolis, MN Total Total"
503,268024,148485296,"Delta Air Lines Inc.-Cleveland, OH-Atlanta, GA Total Total"
504,267931,49741231,"American Airlines Inc.-Boston, MA-New York, NY Total Total"
505,267498,367007256,"American Airlines Inc.-Dallas/Fort Worth, TX-Newark, NJ Total Total"
506,267339,148105806,"Delta Air Lines Inc.-Atlanta, GA-Cleveland, OH Total Total"
507,267207,266405379,"United Air Lines Inc.-Newark, NJ-Tampa, FL Total Total"
508,266685,89872845,"American Airlines Inc.-Los Angeles, CA-San Francisco, CA Total Total"
509,265885,141184935,"American Airlines Inc.-Cancun, Mexico-Miami, FL Total Total"
510,265639,89520343,"American Airlines Inc.-San Francisco, CA-Los Angeles, CA Total Total"
511,265060,551059740,"Delta Air Lines Inc.-Detroit, MI-San Francisco, CA Total Total"
512,264881,264086357,"United Air Lines Inc.-Tampa, FL-Newark, NJ Total Total"
513,264296,98582408,"Southwest Airlines Co.-Sacramento, CA-Los Angeles, CA Total Total"
514,264236,297793972,"Delta Air Lines Inc.-Fort Lauderdale, FL-Detroit, MI Total Total"
515,263833,265563245,"JetBlue Airways-Tampa, FL-New York, NY Total Total"
516,263749,155875659,"Southwest Airlines Co.-Atlanta, GA-Chicago, IL Total Total"
517,263643,267070359,"American Airlines Inc.-Philadelphia, PA-Miami, FL Total Total"
518,262758,387568050,"JetBlue Airways-Santiago, Dominican Republic-New York, NY Total Total"
519,262710,671486760,"Hawaiian Airlines Inc.-Los Angeles, CA-Honolulu, HI Total Total"
520,262474,670883544,"Delta Air Lines Inc.-Los Angeles, CA-Honolulu, HI Total Total"
521,262401,425089620,"United Air Lines Inc.-Denver, CO-New York, NY Total Total"
522,261923,97697279,"Southwest Airlines Co.-Los Angeles, CA-Sacramento, CA Total Total"
523,261916,359348752,"American Airlines Inc.-Newark, NJ-Dallas/Fort Worth, TX Total Total"
524,261884,164986920,"Delta Air Lines Inc.-Portland, OR-Salt Lake City, UT Total Total"
525,261731,263441445,"JetBlue Airways-New York, NY-Tampa, FL Total Total"
526,261221,159606031,"Southwest Airlines Co.-Chicago, IL-Baltimore, MD Total Total"
527,261008,116670576,"Southwest Airlines Co.-San Diego, CA-San Francisco, CA Total Total"
528,260381,221844612,"American Airlines Inc.-Dallas/Fort Worth, TX-Minneapolis, MN Total Total"
529,260324,116364828,"United Air Lines Inc.-San Francisco, CA-San Diego, CA Total Total"
530,260190,257327910,"American Airlines Inc.-Dallas/Fort Worth, TX-Salt Lake City, UT Total Total"
531,260034,121695912,"US Airways Inc.-Charlotte, NC-Orlando, FL Total Total"
532,259797,338515491,"United Air Lines Inc.-Houston, TX-San Diego, CA Total Total"
533,259351,292288577,"Delta Air Lines Inc.-Detroit, MI-Fort Lauderdale, FL Total Total"
534,259293,401644857,"JetBlue Airways-Santo Domingo, Dominican Republic-New York, NY Total Total"
535,259244,1300367904,"Turk Hava Yollari A.O.-Istanbul, Turkey-New York, NY Total Total"
536,258932,121180176,"US Airways Inc.-Orlando, FL-Charlotte, NC Total Total"
537,258820,220514640,"American Airlines Inc.-Minneapolis, MN-Dallas/Fort Worth, TX Total Total"
538,258734,158086474,"Southwest Airlines Co.-Baltimore, MD-Chicago, IL Total Total"
539,258528,48001551,"American Airlines Inc.-New York, NY-Boston, MA Total Total"
540,258498,381284550,"JetBlue Airways-New York, NY-Santiago, Dominican Republic Total Total"
541,258088,167757200,"American Airlines Inc.-Miami, FL-Charlotte, NC Total Total"
542,257979,120734172,"American Airlines Inc.-Charlotte, NC-Orlando, FL Total Total"
543,256299,52284996,"American Airlines Inc.-Miami, FL-Tampa, FL Total Total"
544,255988,114426636,"Southwest Airlines Co.-San Francisco, CA-San Diego, CA Total Total"
545,255851,414478620,"United Air Lines Inc.-New York, NY-Denver, CO Total Total"
546,255673,653500188,"Delta Air Lines Inc.-Honolulu, HI-Los Angeles, CA Total Total"
547,254860,117235600,"Southwest Airlines Co.-Kansas City, MO-Dallas, TX Total Total"
548,254821,119256228,"American Airlines Inc.-Orlando, FL-Charlotte, NC Total Total"
549,254665,77672345,"United Air Lines Inc.-Houston, TX-New Orleans, LA Total Total"
550,254399,251600611,"American Airlines Inc.-Salt Lake City, UT-Dallas/Fort Worth, TX Total Total"
551,254244,256256575,"Delta Air Lines Inc.-New York, NY-Tampa, FL Total Total"
552,253972,56889728,"Horizon Air-Seattle, WA-Spokane, WA Total Total"
553,253814,235653844,"Delta Air Lines Inc.-Washington, DC-Minneapolis, MN Total Total"
554,253209,255205660,"Delta Air Lines Inc.-Tampa, FL-New York, NY Total Total"
555,253060,448675380,"US Airways Inc.-Charlotte, NC-Phoenix, AZ Total Total"
556,252460,51501840,"American Airlines Inc.-Tampa, FL-Miami, FL Total Total"
557,252194,1109905794,"Delta Air Lines Inc.-Amsterdam, Netherlands-Atlanta, GA Total Total"
558,251919,233873430,"Delta Air Lines Inc.-Minneapolis, MN-Washington, DC Total Total"
559,251714,92630752,"Delta Air Lines Inc.-Las Vegas, NV-Salt Lake City, UT Total Total"
560,251627,380963278,"United Air Lines Inc.-Las Vegas, NV-Chicago, IL Total Total"
561,251498,445905954,"American Airlines Inc.-Charlotte, NC-Phoenix, AZ Total Total"
562,251471,282653404,"Delta Air Lines Inc.-Boston, MA-Minneapolis, MN Total Total"
563,251215,389132035,"JetBlue Airways-New York, NY-Santo Domingo, Dominican Republic Total Total"
564,250901,388143847,"Delta Air Lines Inc.-San Juan, PR-Atlanta, GA Total Total"
565,250892,98098772,"Southwest Airlines Co.-Denver, CO-Salt Lake City, UT Total Total"
566,250867,869254155,"United Air Lines Inc.-Newark, NJ-London, United Kingdom Total Total"
567,250834,101336936,"Southwest Airlines Co.-Orlando, FL-Atlanta, GA Total Total"
568,250609,648064206,"United Air Lines Inc.-New York, NY-San Francisco, CA Total Total"
569,250487,563094776,"Delta Air Lines Inc.-Las Vegas, NV-New York, NY Total Total"
570,250413,115189980,"Southwest Airlines Co.-Dallas, TX-Kansas City, MO Total Total"
571,250378,1255896048,"Turk Hava Yollari A.O.-New York, NY-Istanbul, Turkey Total Total"
572,250237,647106393,"United Air Lines Inc.-San Francisco, CA-New York, NY Total Total"
573,250108,84286396,"Compass Airlines-Los Angeles, CA-San Francisco, CA Total Total"
574,249095,388153038,"United Air Lines Inc.-Guam, TT-Tokyo, Japan Total Total"
575,249043,377051102,"United Air Lines Inc.-Chicago, IL-Las Vegas, NV Total Total"
576,248584,58914408,"American Airlines Inc.-Tulsa, OK-Dallas/Fort Worth, TX Total Total"
577,248294,91372192,"Delta Air Lines Inc.-Salt Lake City, UT-Las Vegas, NV Total Total"
578,248185,1092262185,"Delta Air Lines Inc.-Atlanta, GA-Amsterdam, Netherlands Total Total"
579,247995,180540360,"American Airlines Inc.-Charlotte, NC-Boston, MA Total Total"
580,247778,75571822,"United Air Lines Inc.-New Orleans, LA-Houston, TX Total Total"
581,247360,146189760,"Southwest Airlines Co.-Chicago, IL-Atlanta, GA Total Total"
582,247340,210981020,"Southwest Airlines Co.-Denver, CO-San Diego, CA Total Total"
583,247152,265935552,"Spirit Air Lines-Fort Lauderdale, FL-New York, NY Total Total"
584,246542,381400474,"Delta Air Lines Inc.-Atlanta, GA-San Juan, PR Total Total"
585,246507,437056911,"US Airways Inc.-Phoenix, AZ-Charlotte, NC Total Total"
586,246251,89142862,"Southwest Airlines Co.-Ontario, CA-Oakland, CA Total Total"
587,246244,58359828,"American Airlines Inc.-Dallas/Fort Worth, TX-Tulsa, OK Total Total"
588,245698,292134922,"JetBlue Airways-San Juan, PR-Orlando, FL Total Total"
589,245132,551056736,"Delta Air Lines Inc.-New York, NY-Las Vegas, NV Total Total"
590,244738,381363674,"United Air Lines Inc.-Tokyo, Japan-Guam, TT Total Total"
591,244411,81907684,"Delta Air Lines Inc.-Minneapolis, MN-Chicago, IL Total Total"
592,244339,262908764,"Spirit Air Lines-New York, NY-Fort Lauderdale, FL Total Total"
593,244241,274526884,"Delta Air Lines Inc.-Minneapolis, MN-Boston, MA Total Total"
594,243114,95057574,"Southwest Airlines Co.-Salt Lake City, UT-Denver, CO Total Total"
595,242814,1455669930,"Asiana Airlines Inc.-Los Angeles, CA-Seoul, South Korea Total Total"
596,242320,87719840,"Southwest Airlines Co.-Oakland, CA-Ontario, CA Total Total"
597,242221,386826937,"United Air Lines Inc.-Boston, MA-Houston, TX Total Total"
598,242046,81569502,"Compass Airlines-San Francisco, CA-Los Angeles, CA Total Total"
599,241977,96548823,"American Airlines Inc.-Boston, MA-Washington, DC Total Total"
600,241645,80968540,"Delta Air Lines Inc.-Chicago, IL-Minneapolis, MN Total Total"
601,241565,95418175,"Southwest Airlines Co.-Nashville, TN-Chicago, IL Total Total"
602,241066,831918766,"American Airlines Inc.-London, United Kingdom-New York, NY Total Total"
603,241002,427296546,"American Airlines Inc.-Phoenix, AZ-Charlotte, NC Total Total"
604,240826,622776036,"JetBlue Airways-New York, NY-San Francisco, CA Total Total"
605,240705,145626525,"Alaska Airlines Inc.-Sacramento, CA-Seattle, WA Total Total"
606,240700,1442996500,"Korean Air Lines Co. Ltd.-Los Angeles, CA-Seoul, South Korea Total Total"
607,240413,212284679,"Southwest Airlines Co.-Houston, TX-Denver, CO Total Total"
608,240382,621627852,"JetBlue Airways-San Francisco, CA-New York, NY Total Total"
609,240109,150788452,"Frontier Airlines Inc.-Denver, CO-Las Vegas, NV Total Total"
610,240107,1439441465,"Asiana Airlines Inc.-Seoul, South Korea-Los Angeles, CA Total Total"
611,239753,206427333,"US Airways Inc.-Orlando, FL-Philadelphia, PA Total Total"
612,239275,60058025,"Southwest Airlines Co.-Chicago, IL-St. Louis, MO Total Total"
613,239199,382000803,"United Air Lines Inc.-Houston, TX-Boston, MA Total Total"
614,239169,93275910,"Southwest Airlines Co.-Sacramento, CA-Ontario, CA Total Total"
615,239096,1355674320,"Compagnie Natl Air France-Paris, France-Los Angeles, CA Total Total"
616,238940,59973940,"Southwest Airlines Co.-St. Louis, MO-Chicago, IL Total Total"
617,238719,108139707,"Delta Air Lines Inc.-Little Rock, AR-Atlanta, GA Total Total"
618,238550,283635950,"JetBlue Airways-Orlando, FL-San Juan, PR Total Total"
619,238307,173487496,"American Airlines Inc.-Boston, MA-Charlotte, NC Total Total"
620,237935,106832815,"American Airlines Inc.-Charlotte, NC-Philadelphia, PA Total Total"
621,237877,53284448,"Horizon Air-Spokane, WA-Seattle, WA Total Total"
622,237861,173162808,"US Airways Inc.-Charlotte, NC-Boston, MA Total Total"
623,237835,129857910,"Southwest Airlines Co.-Dallas, TX-St. Louis, MO Total Total"
624,237778,823900770,"United Air Lines Inc.-London, United Kingdom-Newark, NJ Total Total"
625,237772,143852060,"Alaska Airlines Inc.-Seattle, WA-Sacramento, CA Total Total"
626,237573,107620569,"Delta Air Lines Inc.-Atlanta, GA-Little Rock, AR Total Total"
627,237047,159250776,"Southwest Airlines Co.-Oakland, CA-Seattle, WA Total Total"
628,236633,232610239,"Delta Air Lines Inc.-Detroit, MI-Tampa, FL Total Total"
629,236122,814857022,"American Airlines Inc.-New York, NY-London, United Kingdom Total Total"
630,236022,1535087088,"Air New Zealand-Auckland, New Zealand-Los Angeles, CA Total Total"
631,235823,128759358,"Southwest Airlines Co.-St. Louis, MO-Dallas, TX Total Total"
632,235614,291454518,"JetBlue Airways-Fort Lauderdale, FL-Boston, MA Total Total"
633,235360,468366400,"Delta Air Lines Inc.-New York, NY-Salt Lake City, UT Total Total"
634,235334,582446790,"Virgin America-Los Angeles, CA-New York, NY Total Total"
635,235333,232038338,"American Airlines Inc.-Detroit, MI-Dallas/Fort Worth, TX Total Total"
636,235214,1333663380,"Compagnie Natl Air France-Los Angeles, CA-Paris, France Total Total"
637,235097,231100351,"Delta Air Lines Inc.-Tampa, FL-Detroit, MI Total Total"
638,234822,200303166,"Southwest Airlines Co.-San Diego, CA-Denver, CO Total Total"
639,234814,231526604,"American Airlines Inc.-Dallas/Fort Worth, TX-Detroit, MI Total Total"
640,234767,91559130,"Southwest Airlines Co.-Ontario, CA-Sacramento, CA Total Total"
641,234750,1031726250,"Compagnie Natl Air France-Atlanta, GA-Paris, France Total Total"
642,234644,466941560,"Delta Air Lines Inc.-Salt Lake City, UT-New York, NY Total Total"
643,234305,92550475,"Southwest Airlines Co.-Chicago, IL-Nashville, TN Total Total"
644,234268,93472932,"American Airlines Inc.-Washington, DC-Boston, MA Total Total"
645,233856,974244096,"Delta Air Lines Inc.-Amsterdam, Netherlands-Minneapolis, MN Total Total"
646,233815,578688375,"Virgin America-New York, NY-Los Angeles, CA Total Total"
647,233711,201225171,"US Airways Inc.-Philadelphia, PA-Orlando, FL Total Total"
648,233684,201201924,"American Airlines Inc.-Philadelphia, PA-Orlando, FL Total Total"
649,233479,1518547416,"Air New Zealand-Los Angeles, CA-Auckland, New Zealand Total Total"
650,233435,644747470,"Hawaiian Airlines Inc.-Las Vegas, NV-Honolulu, HI Total Total"
651,233095,156595299,"Southwest Airlines Co.-Seattle, WA-Oakland, CA Total Total"
652,232855,155547140,"Southwest Airlines Co.-Chicago, IL-Philadelphia, PA Total Total"
653,232688,145662688,"Delta Air Lines Inc.-Salt Lake City, UT-San Diego, CA Total Total"
654,232560,287676720,"JetBlue Airways-Boston, MA-Fort Lauderdale, FL Total Total"
655,232343,1392896285,"Korean Air Lines Co. Ltd.-Seoul, South Korea-Los Angeles, CA Total Total"
656,232069,145739332,"Frontier Airlines Inc.-Las Vegas, NV-Denver, CO Total Total"
657,231908,122679332,"American Airlines Inc.-Newark, NJ-Charlotte, NC Total Total"
658,231886,104116814,"American Airlines Inc.-Philadelphia, PA-Charlotte, NC Total Total"
659,231804,204682932,"Southwest Airlines Co.-Denver, CO-Houston, TX Total Total"
660,231775,1025604375,"British Airways Plc-Miami, FL-London, United Kingdom Total Total"
661,231466,131704154,"American Airlines Inc.-Albuquerque, NM-Dallas/Fort Worth, TX Total Total"
662,231202,342410162,"Delta Air Lines Inc.-Detroit, MI-Salt Lake City, UT Total Total"
663,231133,1240490811,"British Airways Plc-London, United Kingdom-San Francisco, CA Total Total"
664,231036,93800616,"Southwest Airlines Co.-Atlanta, GA-Tampa, FL Total Total"
665,230983,198876363,"American Airlines Inc.-Orlando, FL-Philadelphia, PA Total Total"
666,230971,122183659,"American Airlines Inc.-Charlotte, NC-Newark, NJ Total Total"
667,230881,92121519,"US Airways Inc.-Boston, MA-Washington, DC Total Total"
668,229875,153556500,"Southwest Airlines Co.-Philadelphia, PA-Chicago, IL Total Total"
669,229764,91675836,"US Airways Inc.-Washington, DC-Boston, MA Total Total"
670,229629,180718023,"United Air Lines Inc.-Tampa, FL-Houston, TX Total Total"
671,229617,215151129,"JetBlue Airways-Newark, NJ-Orlando, FL Total Total"
672,229323,264180096,"Compania Panamena (Copa)-Miami, FL-Panama City, Panama Total Total"
673,229230,1007465850,"Compagnie Natl Air France-Paris, France-Atlanta, GA Total Total"
674,228746,1227679782,"British Airways Plc-San Francisco, CA-London, United Kingdom Total Total"
675,228631,234118144,"Alaska Airlines Inc.-Denver, CO-Seattle, WA Total Total"
676,228379,220556466,"United Air Lines Inc.-Fort Lauderdale, FL-Houston, TX Total Total"
677,227994,142724244,"Delta Air Lines Inc.-San Diego, CA-Salt Lake City, UT Total Total"
678,227702,213356774,"JetBlue Airways-Orlando, FL-Newark, NJ Total Total"
679,227656,219859258,"United Air Lines Inc.-Houston, TX-Fort Lauderdale, FL Total Total"
680,227635,1007284875,"British Airways Plc-London, United Kingdom-Miami, FL Total Total"
681,227494,513908946,"Air Canada-San Francisco, CA-Toronto, Canada Total Total"
682,227178,226496466,"Southwest Airlines Co.-Tampa, FL-Chicago, IL Total Total"
683,227054,478175724,"Southwest Airlines Co.-Baltimore, MD-Las Vegas, NV Total Total"
684,226621,82943286,"Delta Air Lines Inc.-Daytona Beach, FL-Atlanta, GA Total Total"
685,226302,164747856,"US Airways Inc.-Boston, MA-Charlotte, NC Total Total"
686,226174,342427436,"American Airlines Inc.-Las Vegas, NV-Chicago, IL Total Total"
687,226025,361187950,"Delta Air Lines Inc.-New York, NY-San Juan, PR Total Total"
688,226015,510567885,"Air Canada-Toronto, Canada-San Francisco, CA Total Total"
689,225981,75479364,"United Air Lines Inc.-Minneapolis, MN-Chicago, IL Total Total"
690,225810,236197260,"JetBlue Airways-San Juan, PR-Fort Lauderdale, FL Total Total"
691,225733,124153150,"United Air Lines Inc.-Portland, OR-San Francisco, CA Total Total"
692,225677,80792366,"Southwest Airlines Co.-Burbank, CA-Sacramento, CA Total Total"
693,225486,230897664,"Alaska Airlines Inc.-Seattle, WA-Denver, CO Total Total"
694,225271,146651421,"Southwest Airlines Co.-Dallas, TX-Denver, CO Total Total"
695,225194,340943716,"American Airlines Inc.-Chicago, IL-Las Vegas, NV Total Total"
696,225137,70969024,"United Air Lines Inc.-Cleveland, OH-Chicago, IL Total Total"
697,225071,128065399,"American Airlines Inc.-Dallas/Fort Worth, TX-Albuquerque, NM Total Total"
698,224722,386746562,"American Airlines Inc.-Chicago, IL-Seattle, WA Total Total"
699,224642,91204652,"Southwest Airlines Co.-Tampa, FL-Atlanta, GA Total Total"
700,224488,386344616,"United Air Lines Inc.-Seattle, WA-Chicago, IL Total Total"
701,224395,225516975,"American Airlines Inc.-Orlando, FL-Chicago, IL Total Total"
702,224368,225489840,"American Airlines Inc.-Chicago, IL-Orlando, FL Total Total"
703,224368,24456112,"SkyWest Airlines Inc.-San Diego, CA-Los Angeles, CA Total Total"
704,224261,82079526,"Delta Air Lines Inc.-Atlanta, GA-Daytona Beach, FL Total Total"
705,224260,129398020,"Southwest Airlines Co.-Baltimore, MD-Atlanta, GA Total Total"
706,224048,72815600,"Southwest Airlines Co.-Phoenix, AZ-Ontario, CA Total Total"
707,224011,80195938,"Southwest Airlines Co.-Sacramento, CA-Burbank, CA Total Total"
708,223976,238982392,"Southwest Airlines Co.-Dallas, TX-Las Vegas, NV Total Total"
709,223941,572393196,"American Airlines Inc.-Honolulu, HI-Los Angeles, CA Total Total"
710,223930,113532510,"US Airways Inc.-Tampa, FL-Charlotte, NC Total Total"
711,223876,123131800,"United Air Lines Inc.-San Francisco, CA-Portland, OR Total Total"
712,223869,257897088,"Compania Panamena (Copa)-Panama City, Panama-Miami, FL Total Total"
713,223638,145588338,"Southwest Airlines Co.-Denver, CO-Dallas, TX Total Total"
714,223414,128909878,"Southwest Airlines Co.-Atlanta, GA-Baltimore, MD Total Total"
715,223076,330375556,"Delta Air Lines Inc.-Salt Lake City, UT-Detroit, MI Total Total"
716,222897,615641514,"Hawaiian Airlines Inc.-Honolulu, HI-Las Vegas, NV Total Total"
717,222362,926360092,"Delta Air Lines Inc.-Minneapolis, MN-Amsterdam, Netherlands Total Total"
718,222325,355275350,"Delta Air Lines Inc.-San Juan, PR-New York, NY Total Total"
719,222076,41528212,"JetBlue Airways-Boston, MA-New York, NY Total Total"
720,222033,65943801,"Delta Air Lines Inc.-Milwaukee, WI-Minneapolis, MN Total Total"
721,221941,236811047,"Southwest Airlines Co.-Las Vegas, NV-Dallas, TX Total Total"
722,221936,467397216,"Southwest Airlines Co.-Las Vegas, NV-Baltimore, MD Total Total"
723,221805,1386503055,"Air China-Los Angeles, CA-Beijing, China Total Total"
724,221647,112375029,"American Airlines Inc.-Tampa, FL-Charlotte, NC Total Total"
725,221516,566194896,"American Airlines Inc.-Los Angeles, CA-Honolulu, HI Total Total"
726,221033,173952971,"United Air Lines Inc.-Houston, TX-Tampa, FL Total Total"
727,220719,314745294,"Delta Air Lines Inc.-Minneapolis, MN-Portland, OR Total Total"
728,220531,56235405,"Southwest Airlines Co.-Baltimore, MD-Raleigh/Durham, NC Total Total"
729,220204,33691212,"Delta Air Lines Inc.-Greer, SC-Atlanta, GA Total Total"
730,219972,111525804,"American Airlines Inc.-Charlotte, NC-Tampa, FL Total Total"
731,219890,1248439728,"El Al Israel Airlines Ltd.-New York, NY-Tel Aviv, Israel Total Total"
732,219640,41072680,"JetBlue Airways-New York, NY-Boston, MA Total Total"
733,219421,81624612,"Southwest Airlines Co.-Santa Ana, CA-San Francisco, CA Total Total"
734,219264,377353344,"American Airlines Inc.-Seattle, WA-Chicago, IL Total Total"
735,218812,1039357000,"American Airlines Inc.-Dallas/Fort Worth, TX-London, United Kingdom Total Total"
736,218602,1366481102,"Air China-Beijing, China-Los Angeles, CA Total Total"
737,218023,228052058,"JetBlue Airways-Fort Lauderdale, FL-San Juan, PR Total Total"
738,218021,33357213,"Delta Air Lines Inc.-Atlanta, GA-Greer, SC Total Total"
739,217770,310540020,"Delta Air Lines Inc.-Portland, OR-Minneapolis, MN Total Total"
740,217310,55414050,"Southwest Airlines Co.-Raleigh/Durham, NC-Baltimore, MD Total Total"
741,217126,79902368,"Southwest Airlines Co.-Las Vegas, NV-Salt Lake City, UT Total Total"
742,216814,216163558,"Southwest Airlines Co.-Chicago, IL-Tampa, FL Total Total"
743,216484,190289436,"Southwest Airlines Co.-Dallas, TX-Phoenix, AZ Total Total"
744,216353,97142497,"US Airways Inc.-Charlotte, NC-Philadelphia, PA Total Total"
745,216118,109571826,"US Airways Inc.-Charlotte, NC-Tampa, FL Total Total"
746,216032,80363904,"Southwest Airlines Co.-San Francisco, CA-Santa Ana, CA Total Total"
747,215936,522996874,"Delta Air Lines Inc.-Seattle, WA-New York, NY Total Total"
748,215816,66255512,"Southwest Airlines Co.-Cleveland, OH-Chicago, IL Total Total"
749,215746,64076562,"Delta Air Lines Inc.-Minneapolis, MN-Milwaukee, WI Total Total"
750,215697,533846025,"United Air Lines Inc.-Los Angeles, CA-New York, NY Total Total"
751,215677,281027131,"United Air Lines Inc.-San Diego, CA-Houston, TX Total Total"
752,215651,114941983,"Southwest Airlines Co.-Denver, CO-Kansas City, MO Total Total"
753,215502,205589168,"Delta Air Lines Inc.-Los Angeles, CA-Seattle, WA Total Total"
754,215134,71857426,"United Air Lines Inc.-Chicago, IL-Minneapolis, MN Total Total"
755,214644,23396196,"SkyWest Airlines Inc.-Los Angeles, CA-San Diego, CA Total Total"
756,214492,530862234,"United Air Lines Inc.-New York, NY-Los Angeles, CA Total Total"
757,214430,369033893,"United Air Lines Inc.-Chicago, IL-Seattle, WA Total Total"
758,214347,826522032,"Lufthansa German Airlines-Frankfurt, Germany-New York, NY Total Total"
759,214314,108657198,"Southwest Airlines Co.-Salt Lake City, UT-Phoenix, AZ Total Total"
760,214001,162212758,"United Air Lines Inc.-Orlando, FL-Washington, DC Total Total"
761,213989,1214938381,"El Al Israel Airlines Ltd.-Tel Aviv, Israel-New York, NY Total Total"
762,213602,218728746,"United Air Lines Inc.-Denver, CO-Seattle, WA Total Total"
763,213133,927767949,"Virgin Atlantic Airways-London, United Kingdom-Orlando, FL Total Total"
764,212919,187155801,"Southwest Airlines Co.-Phoenix, AZ-Dallas, TX Total Total"
765,212855,113451715,"Southwest Airlines Co.-Kansas City, MO-Denver, CO Total Total"
766,212803,59797643,"Southwest Airlines Co.-Buffalo, NY-Baltimore, MD Total Total"
767,212691,14251090,"SkyWest Airlines Inc.-Milwaukee, WI-Chicago, IL Total Total"
768,212535,225499635,"American Airlines Inc.-Raleigh/Durham, NC-Dallas/Fort Worth, TX Total Total"
769,212489,224175895,"Air Canada rouge LP-Toronto, Canada-Orlando, FL Total Total"
770,212394,69665232,"Southwest Airlines Co.-Albuquerque, NM-Phoenix, AZ Total Total"
771,212346,61367994,"Southwest Airlines Co.-Baltimore, MD-Albany, NY Total Total"
772,212020,1455941340,"Etihad Airways-Abu Dhabi, United Arab Emirates-New York, NY Total Total"
773,211991,78012688,"Southwest Airlines Co.-Salt Lake City, UT-Las Vegas, NV Total Total"
774,211985,460431420,"Delta Air Lines Inc.-Portland, OR-Atlanta, GA Total Total"
775,211885,112087165,"US Airways Inc.-Newark, NJ-Charlotte, NC Total Total"
776,211871,47882846,"American Airlines Inc.-Atlanta, GA-Charlotte, NC Total Total"
777,211322,136514012,"Southwest Airlines Co.-Phoenix, AZ-Oakland, CA Total Total"
778,211321,68679325,"Southwest Airlines Co.-Ontario, CA-Phoenix, AZ Total Total"
779,211218,116169900,"Alaska Airlines Inc.-Portland, OR-San Francisco, CA Total Total"
780,211164,114662052,"Southwest Airlines Co.-Oakland, CA-Portland, OR Total Total"
781,211133,107044431,"Southwest Airlines Co.-Phoenix, AZ-Salt Lake City, UT Total Total"
782,210868,60940852,"Southwest Airlines Co.-Albany, NY-Baltimore, MD Total Total"
783,210822,201124188,"Delta Air Lines Inc.-Seattle, WA-Los Angeles, CA Total Total"
784,210721,510366262,"Delta Air Lines Inc.-New York, NY-Seattle, WA Total Total"
785,210699,136111554,"Southwest Airlines Co.-Oakland, CA-Phoenix, AZ Total Total"
786,210674,544781915,"Virgin America-San Francisco, CA-New York, NY Total Total"
787,210589,159626462,"United Air Lines Inc.-Washington, DC-Orlando, FL Total Total"
788,210576,457792224,"American Airlines Inc.-Las Vegas, NV-Miami, FL Total Total"
789,210421,69018088,"Southwest Airlines Co.-Phoenix, AZ-Albuquerque, NM Total Total"
790,210302,456775944,"Delta Air Lines Inc.-Atlanta, GA-Portland, OR Total Total"
791,210285,146358360,"Southwest Airlines Co.-Atlanta, GA-Houston, TX Total Total"
792,210201,64321506,"Delta Air Lines Inc.-Greensboro/High Point, NC-Atlanta, GA Total Total"
793,210158,196497730,"American Airlines Inc.-Dallas/Fort Worth, TX-Mexico City, Mexico Total Total"
794,210090,114078870,"Southwest Airlines Co.-Portland, OR-Oakland, CA Total Total"
795,210024,111102696,"US Airways Inc.-Charlotte, NC-Newark, NJ Total Total"
796,209997,142377966,"United Air Lines Inc.-Philadelphia, PA-Chicago, IL Total Total"
797,209955,121983855,"Southwest Airlines Co.-Atlanta, GA-Fort Lauderdale, FL Total Total"
798,209562,249169218,"Southwest Airlines Co.-San Juan, PR-Orlando, FL Total Total"
799,209535,541825919,"Virgin America-New York, NY-San Francisco, CA Total Total"
800,209422,895907316,"Compagnia Aerea Italiana-Rome, Italy-New York, NY Total Total"
801,209206,115063300,"Alaska Airlines Inc.-San Francisco, CA-Portland, OR Total Total"
802,209116,210998044,"United Air Lines Inc.-Houston, TX-Phoenix, AZ Total Total"
803,209061,88432803,"Southwest Airlines Co.-Chicago, IL-Omaha, NE Total Total"
804,209056,290587840,"Southwest Airlines Co.-Houston, TX-Los Angeles, CA Total Total"
805,208939,46802336,"Alaska Airlines Inc.-Spokane, WA-Seattle, WA Total Total"
806,208686,226424310,"United Air Lines Inc.-Newark, NJ-Miami, FL Total Total"
807,208371,152737063,"Shuttle America Corp.-New York, NY-Chicago, IL Total Total"
808,208167,141137226,"United Air Lines Inc.-Chicago, IL-Philadelphia, PA Total Total"
809,208081,84183419,"Delta Air Lines Inc.-Detroit, MI-Washington, DC Total Total"
810,208016,209888144,"United Air Lines Inc.-Phoenix, AZ-Houston, TX Total Total"
811,207995,158492190,"Southwest Airlines Co.-New York, NY-Atlanta, GA Total Total"
812,207961,144740856,"Southwest Airlines Co.-Houston, TX-Atlanta, GA Total Total"
813,207889,215030673,"Delta Air Lines Inc.-West Palm Beach/Palm Beach, FL-New York, NY Total Total"
814,207740,58790420,"Southwest Airlines Co.-Columbus, OH-Chicago, IL Total Total"
815,207718,220388798,"American Airlines Inc.-Dallas/Fort Worth, TX-Raleigh/Durham, NC Total Total"
816,207315,275728950,"Delta Air Lines Inc.-Mexico City, Mexico-Atlanta, GA Total Total"
817,207178,63603646,"Southwest Airlines Co.-Chicago, IL-Cleveland, OH Total Total"
818,207167,287962130,"Southwest Airlines Co.-Los Angeles, CA-Houston, TX Total Total"
819,207062,70608142,"Delta Air Lines Inc.-Atlanta, GA-Jackson/Vicksburg, MS Total Total"
820,206752,157545024,"Southwest Airlines Co.-Atlanta, GA-New York, NY Total Total"
821,206701,539696311,"American Airlines Inc.-Los Angeles, CA-Boston, MA Total Total"
822,206508,62158908,"JetBlue Airways-New York, NY-Buffalo, NY Total Total"
823,206486,224037310,"United Air Lines Inc.-Miami, FL-Newark, NJ Total Total"
824,206452,656310908,"Aer Lingus Plc-Dublin, Ireland-New York, NY Total Total"
825,206334,119880054,"Southwest Airlines Co.-Fort Lauderdale, FL-Atlanta, GA Total Total"
826,206311,898071783,"Virgin Atlantic Airways-Orlando, FL-London, United Kingdom Total Total"
827,206240,274299200,"Delta Air Lines Inc.-Atlanta, GA-Mexico City, Mexico Total Total"
828,206224,63104544,"Delta Air Lines Inc.-Atlanta, GA-Greensboro/High Point, NC Total Total"
829,205950,244668600,"American Airlines Inc.-Dallas/Fort Worth, TX-Ontario, CA Total Total"
830,205830,57838230,"Southwest Airlines Co.-Baltimore, MD-Buffalo, NY Total Total"
831,205415,1418595990,"Korean Air Lines Co. Ltd.-New York, NY-Seoul, South Korea Total Total"
832,205118,86764914,"Southwest Airlines Co.-Omaha, NE-Chicago, IL Total Total"
833,205027,150286912,"Shuttle America Corp.-Chicago, IL-New York, NY Total Total"
834,204924,60657504,"Southwest Airlines Co.-Burbank, CA-San Jose, CA Total Total"
835,204877,145872424,"Delta Air Lines Inc.-Buffalo, NY-Atlanta, GA Total Total"
836,204452,533824172,"American Airlines Inc.-Boston, MA-Los Angeles, CA Total Total"
837,204401,211456517,"Delta Air Lines Inc.-New York, NY-West Palm Beach/Palm Beach, FL Total Total"
838,204292,252300620,"Southwest Airlines Co.-Houston, TX-Las Vegas, NV Total Total"
839,204041,69577981,"Delta Air Lines Inc.-Jackson/Vicksburg, MS-Atlanta, GA Total Total"
840,203886,872224308,"Compagnia Aerea Italiana-New York, NY-Rome, Italy Total Total"
841,203847,144935217,"Southwest Airlines Co.-Newark, NJ-Chicago, IL Total Total"
842,203759,949720699,"Aeroflot Russian Airlines-Moscow, Russia-New York, NY Total Total"
843,203649,967332750,"American Airlines Inc.-London, United Kingdom-Dallas/Fort Worth, TX Total Total"
844,203326,60184496,"Southwest Airlines Co.-San Jose, CA-Burbank, CA Total Total"
845,203285,82264183,"Delta Air Lines Inc.-Washington, DC-Detroit, MI Total Total"
846,203280,119325360,"Southwest Airlines Co.-Baltimore, MD-Nashville, TN Total Total"
847,202970,739419710,"Klm Royal Dutch Airlines-Amsterdam, Netherlands-New York, NY Total Total"
848,202952,144501824,"Delta Air Lines Inc.-Atlanta, GA-Buffalo, NY Total Total"
849,202591,13573597,"SkyWest Airlines Inc.-Chicago, IL-Milwaukee, WI Total Total"
850,202581,1403278587,"Cathay Pacific Airways Ltd.-Hong Kong, Hong Kong-San Francisco, CA Total Total"
851,202379,301747089,"Southwest Airlines Co.-Baltimore, MD-Denver, CO Total Total"
852,202320,439843680,"American Airlines Inc.-Miami, FL-Las Vegas, NV Total Total"
853,202274,60884474,"JetBlue Airways-Buffalo, NY-New York, NY Total Total"
854,202264,48543360,"Delta Air Lines Inc.-Atlanta, GA-Panama City, FL Total Total"
855,202248,240270624,"American Airlines Inc.-Ontario, CA-Dallas/Fort Worth, TX Total Total"
856,201992,130688824,"Southwest Airlines Co.-Phoenix, AZ-Sacramento, CA Total Total"
857,201743,777921008,"Lufthansa German Airlines-New York, NY-Frankfurt, Germany Total Total"
858,201668,206508032,"United Air Lines Inc.-Seattle, WA-Denver, CO Total Total"
859,201617,245367889,"American Airlines Inc.-Baltimore, MD-Dallas/Fort Worth, TX Total Total"
860,201455,1395478785,"Cathay Pacific Airways Ltd.-San Francisco, CA-Hong Kong, Hong Kong Total Total"
861,201427,1391054862,"Korean Air Lines Co. Ltd.-Seoul, South Korea-New York, NY Total Total"
862,201335,1302436115,"Eva Airways Corporation-Taipei, Taiwan-San Francisco, CA Total Total"
863,201285,45490410,"American Airlines Inc.-Charlotte, NC-Atlanta, GA Total Total"
864,201037,639096623,"Aer Lingus Plc-New York, NY-Dublin, Ireland Total Total"
865,200979,56274120,"American Airlines Inc.-Boston, MA-Philadelphia, PA Total Total"
866,200711,731190173,"Klm Royal Dutch Airlines-New York, NY-Amsterdam, Netherlands Total Total"
867,200668,247824980,"Southwest Airlines Co.-Las Vegas, NV-Houston, TX Total Total"
868,200466,48111840,"Delta Air Lines Inc.-Panama City, FL-Atlanta, GA Total Total"
869,200449,238333861,"Southwest Airlines Co.-Orlando, FL-San Juan, PR Total Total"
870,200436,272592960,"Santa Barbara Airlines, C.A-Caracas, Venezuela-Miami, FL Total Total"
871,200339,187316965,"American Airlines Inc.-Mexico City, Mexico-Dallas/Fort Worth, TX Total Total"
872,200318,346149504,"Southwest Airlines Co.-Chicago, IL-San Diego, CA Total Total"
873,200190,89484930,"Virgin America-San Francisco, CA-San Diego, CA Total Total"
874,200131,56036680,"American Airlines Inc.-Philadelphia, PA-Boston, MA Total Total"
875,200015,46704103,"Mesa Airlines Inc.-Dallas/Fort Worth, TX-Houston, TX Total Total"
876,199626,417218340,"Aeromexico-New York, NY-Mexico City, Mexico Total Total"
877,199534,34918450,"American Airlines Inc.-Oklahoma City, OK-Dallas/Fort Worth, TX Total Total"
878,199518,66639012,"American Airlines Inc.-Chicago, IL-Minneapolis, MN Total Total"
879,199237,71127609,"Westjet-New York, NY-Toronto, Canada Total Total"
880,198800,116695600,"Southwest Airlines Co.-Nashville, TN-Baltimore, MD Total Total"
881,198542,342087866,"American Airlines Inc.-Chicago, IL-San Diego, CA Total Total"
882,198491,141127101,"Southwest Airlines Co.-Chicago, IL-Newark, NJ Total Total"
883,198363,215223855,"American Airlines Inc.-Miami, FL-Newark, NJ Total Total"
884,198134,241129078,"American Airlines Inc.-Dallas/Fort Worth, TX-Baltimore, MD Total Total"
885,198096,284862048,"American Airlines Inc.-Dallas/Fort Worth, TX-San Jose, CA Total Total"
886,197955,341076465,"American Airlines Inc.-San Diego, CA-Chicago, IL Total Total"
887,197848,1279878712,"Eva Airways Corporation-San Francisco, CA-Taipei, Taiwan Total Total"
888,197838,124242264,"United Air Lines Inc.-Las Vegas, NV-Denver, CO Total Total"
889,197550,118925100,"United Air Lines Inc.-Phoenix, AZ-Denver, CO Total Total"
890,197396,725825092,"British Airways Plc-London, United Kingdom-Washington, DC Total Total"
891,197352,919857672,"Aeroflot Russian Airlines-New York, NY-Moscow, Russia Total Total"
892,197179,134081720,"Southwest Airlines Co.-Denver, CO-Minneapolis, MN Total Total"
893,197143,1144612258,"Lufthansa German Airlines-Los Angeles, CA-Frankfurt, Germany Total Total"
894,197104,44151296,"Alaska Airlines Inc.-Seattle, WA-Spokane, WA Total Total"
895,197070,65821380,"American Airlines Inc.-Minneapolis, MN-Chicago, IL Total Total"
896,197038,283340644,"American Airlines Inc.-San Jose, CA-Dallas/Fort Worth, TX Total Total"
897,197005,72694845,"Southwest Airlines Co.-Burbank, CA-Phoenix, AZ Total Total"
898,196967,149891887,"American Airlines Inc.-Dallas/Fort Worth, TX-Indianapolis, IN Total Total"
899,196838,34446650,"American Airlines Inc.-Dallas/Fort Worth, TX-Oklahoma City, OK Total Total"
900,196834,411383060,"Aeromexico-Mexico City, Mexico-New York, NY Total Total"
901,196675,149669675,"American Airlines Inc.-Indianapolis, IN-Dallas/Fort Worth, TX Total Total"
902,196666,66079776,"Porter Airlines, Inc.-Newark, NJ-Toronto, Canada Total Total"
903,196628,87892716,"Virgin America-San Diego, CA-San Francisco, CA Total Total"
904,196526,127152322,"Southwest Airlines Co.-Sacramento, CA-Phoenix, AZ Total Total"
905,196230,55533090,"Southwest Airlines Co.-Chicago, IL-Columbus, OH Total Total"
906,195880,121641480,"Southwest Airlines Co.-Phoenix, AZ-San Jose, CA Total Total"
907,195753,336890913,"Alaska Airlines Inc.-Seattle, WA-Chicago, IL Total Total"
908,195679,133061720,"Southwest Airlines Co.-Minneapolis, MN-Denver, CO Total Total"
909,195631,168438291,"Southwest Airlines Co.-Philadelphia, PA-Orlando, FL Total Total"
910,195544,165821312,"American Airlines Inc.-Santo Domingo, Dominican Republic-Miami, FL Total Total"
911,195269,168126609,"Southwest Airlines Co.-Orlando, FL-Philadelphia, PA Total Total"
912,195124,1339916508,"Etihad Airways-New York, NY-Abu Dhabi, United Arab Emirates Total Total"
913,195081,211662885,"American Airlines Inc.-Newark, NJ-Miami, FL Total Total"
914,194912,716691424,"British Airways Plc-Washington, DC-London, United Kingdom Total Total"
915,194783,44020958,"US Airways Inc.-Atlanta, GA-Charlotte, NC Total Total"
916,194578,290115798,"Southwest Airlines Co.-Denver, CO-Baltimore, MD Total Total"
917,194167,1127333602,"Lufthansa German Airlines-Frankfurt, Germany-Los Angeles, CA Total Total"
918,194021,1319148779,"China Airlines Ltd.-Taipei, Taiwan-Los Angeles, CA Total Total"
919,193815,337044285,"United Air Lines Inc.-Portland, OR-Chicago, IL Total Total"
920,193755,166823055,"Southwest Airlines Co.-Chicago, IL-Boston, MA Total Total"
921,193422,164021856,"American Airlines Inc.-Miami, FL-Santo Domingo, Dominican Republic Total Total"
922,193307,45097436,"Mesa Airlines Inc.-Houston, TX-Dallas/Fort Worth, TX Total Total"
923,192934,71192646,"Southwest Airlines Co.-Phoenix, AZ-Burbank, CA Total Total"
924,192813,259526298,"United Air Lines Inc.-Houston, TX-Santa Ana, CA Total Total"
925,192747,64762992,"Porter Airlines, Inc.-Toronto, Canada-Newark, NJ Total Total"
926,192250,207822250,"Air Canada rouge LP-Vancouver, Canada-Los Angeles, CA Total Total"
927,192055,68563635,"Westjet-Toronto, Canada-New York, NY Total Total"
928,191882,207424442,"Air Canada rouge LP-Los Angeles, CA-Vancouver, Canada Total Total"
929,191840,162296640,"Southwest Airlines Co.-Denver, CO-Santa Ana, CA Total Total"
930,191719,114839681,"US Airways Inc.-Charlotte, NC-Chicago, IL Total Total"
931,191622,320200362,"Delta Air Lines Inc.-Detroit, MI-Phoenix, AZ Total Total"
932,191477,196072448,"Southwest Airlines Co.-Seattle, WA-Denver, CO Total Total"
933,191339,329294419,"Alaska Airlines Inc.-Chicago, IL-Seattle, WA Total Total"
934,191247,195836928,"Southwest Airlines Co.-Denver, CO-Seattle, WA Total Total"
935,190534,82310688,"Delta Air Lines Inc.-Dayton, OH-Atlanta, GA Total Total"
936,190316,327914778,"United Air Lines Inc.-San Diego, CA-Chicago, IL Total Total"
937,190250,68680250,"American Airlines Inc.-Baltimore, MD-Charlotte, NC Total Total"
938,190223,119460044,"United Air Lines Inc.-Denver, CO-Las Vegas, NV Total Total"
939,189687,193480740,"Southwest Airlines Co.-Phoenix, AZ-Houston, TX Total Total"
940,189667,117783207,"Southwest Airlines Co.-San Jose, CA-Phoenix, AZ Total Total"
941,189614,203266208,"Southwest Airlines Co.-Orlando, FL-Providence, RI Total Total"
942,189535,163189635,"Southwest Airlines Co.-Boston, MA-Chicago, IL Total Total"
943,189510,306248160,"American Airlines Inc.-Dallas/Fort Worth, TX-Portland, OR Total Total"
944,189370,254892020,"United Air Lines Inc.-Santa Ana, CA-Houston, TX Total Total"
945,189349,327195072,"Southwest Airlines Co.-San Diego, CA-Chicago, IL Total Total"
946,189271,224096801,"Southwest Airlines Co.-Washington, DC-Dallas, TX Total Total"
947,189258,28577958,"Delta Air Lines Inc.-Atlanta, GA-Huntsville, AL Total Total"
948,189101,103436557,"Southwest Airlines Co.-Atlanta, GA-Washington, DC Total Total"
949,188917,235390582,"Southwest Airlines Co.-Dallas, TX-Los Angeles, CA Total Total"
950,188751,181955757,"American Airlines Inc.-Miami, FL-Houston, TX Total Total"
951,188070,84443430,"US Airways Inc.-Philadelphia, PA-Charlotte, NC Total Total"
952,187995,314139645,"Delta Air Lines Inc.-Phoenix, AZ-Detroit, MI Total Total"
953,187634,42405284,"US Airways Inc.-Charlotte, NC-Atlanta, GA Total Total"
954,187564,222075608,"Southwest Airlines Co.-Dallas, TX-Washington, DC Total Total"
955,187358,158504868,"Southwest Airlines Co.-Santa Ana, CA-Denver, CO Total Total"
956,187328,250457536,"Compania Panamena (Copa)-Panama City, Panama-Orlando, FL Total Total"
957,187318,52449040,"US Airways Inc.-Philadelphia, PA-Boston, MA Total Total"
958,187258,430774249,"American Airlines Inc.-Los Angeles, CA-Washington, DC Total Total"
959,187093,28251043,"Delta Air Lines Inc.-Huntsville, AL-Atlanta, GA Total Total"
960,187086,76518174,"Delta Air Lines Inc.-Baltimore, MD-Detroit, MI Total Total"
961,186866,39947490,"American Airlines Inc.-New York, NY-Washington, DC Total Total"
962,186649,1269026551,"China Airlines Ltd.-Los Angeles, CA-Taipei, Taiwan Total Total"
963,186629,169645761,"Southwest Airlines Co.-Denver, CO-Sacramento, CA Total Total"
964,186354,232756146,"JetBlue Airways-Boston, MA-Fort Myers, FL Total Total"
965,186310,111599690,"US Airways Inc.-Chicago, IL-Charlotte, NC Total Total"
966,186304,190030080,"Southwest Airlines Co.-Houston, TX-Phoenix, AZ Total Total"
967,186175,184499425,"United Air Lines Inc.-Denver, CO-Portland, OR Total Total"
968,186066,179367624,"American Airlines Inc.-Houston, TX-Miami, FL Total Total"
969,185920,67117120,"American Airlines Inc.-Charlotte, NC-Baltimore, MD Total Total"
970,185825,199204400,"Southwest Airlines Co.-Providence, RI-Orlando, FL Total Total"
971,185676,169336512,"American Airlines Inc.-Houston, TX-Charlotte, NC Total Total"
972,185598,157572702,"Southwest Airlines Co.-Orlando, FL-Houston, TX Total Total"
973,185574,84065022,"Delta Air Lines Inc.-Detroit, MI-Philadelphia, PA Total Total"
974,185457,117116079,"US Airways Inc.-Fort Lauderdale, FL-Charlotte, NC Total Total"
975,185358,299538528,"American Airlines Inc.-Portland, OR-Dallas/Fort Worth, TX Total Total"
976,185148,168854976,"American Airlines Inc.-Charlotte, NC-Houston, TX Total Total"
977,184977,39541045,"American Airlines Inc.-Washington, DC-New York, NY Total Total"
978,184964,264683484,"American Airlines Inc.-Dallas/Fort Worth, TX-Sacramento, CA Total Total"
979,184855,321462845,"United Air Lines Inc.-Chicago, IL-Portland, OR Total Total"
980,184787,58250839,"United Air Lines Inc.-Chicago, IL-Cleveland, OH Total Total"
981,184715,83675895,"Delta Air Lines Inc.-Philadelphia, PA-Detroit, MI Total Total"
982,184508,1261665704,"Air China-Beijing, China-New York, NY Total Total"
983,184374,263839194,"American Airlines Inc.-Sacramento, CA-Dallas/Fort Worth, TX Total Total"
984,184303,51604840,"US Airways Inc.-Boston, MA-Philadelphia, PA Total Total"
985,184075,381955625,"American Airlines Inc.-Phoenix, AZ-Philadelphia, PA Total Total"
986,184021,209599919,"Southwest Airlines Co.-Kansas City, MO-Las Vegas, NV Total Total"
987,183525,219679425,"JetBlue Airways-Boston, MA-West Palm Beach/Palm Beach, FL Total Total"
988,183522,100386508,"Southwest Airlines Co.-Washington, DC-Atlanta, GA Total Total"
989,183511,79276752,"Delta Air Lines Inc.-Atlanta, GA-Dayton, OH Total Total"
990,183461,73751322,"Southwest Airlines Co.-Pittsburgh, PA-Chicago, IL Total Total"
991,183277,181627507,"Southwest Airlines Co.-Denver, CO-Portland, OR Total Total"
992,183030,723517590,"British Airways Plc-London, United Kingdom-Chicago, IL Total Total"
993,182858,139154938,"Delta Air Lines Inc.-Atlanta, GA-Oklahoma City, OK Total Total"
994,182758,40206760,"Southwest Airlines Co.-Baltimore, MD-Islip, NY Total Total"
995,182627,228101123,"JetBlue Airways-Fort Myers, FL-Boston, MA Total Total"
996,182623,218599731,"JetBlue Airways-West Palm Beach/Palm Beach, FL-Boston, MA Total Total"
997,182604,808022700,"American Airlines Inc.-Miami, FL-London, United Kingdom Total Total"
998,182520,169013520,"American Airlines Inc.-Dallas/Fort Worth, TX-Columbus, OH Total Total"
999,182490,243989130,"Compania Panamena (Copa)-Orlando, FL-Panama City, Panama Total Total"
1000,182453,115218453,"US Airways Inc.-Charlotte, NC-Fort Lauderdale, FL Total Total"
